WTeamID,LTeamID
1104,1256
1105,1398
1110,1265
1112,1319
1113,1339
1114,1356
1116,1273
1120,1287
1129,1430
1130,1171
1139,1237
1140,1156
1150,1284
1151,1258
1152,1472
1153,1191
1154,1338
1155,1342
1159,1318
1160,1286
1161,1331
1163,1148
1165,1127
1166,1115
1172,1174
1173,1227
1181,1246
1182,1351
1187,1354
1196,1189
1200,1162
1203,1384
1204,1123
1206,1392
1208,1198
1211,1469
1213,1212
1222,1220
1228,1238
1229,1423
1231,1185
1232,1453
1233,1111
1234,1255
1235,1244
1242,1277
1257,1380
1260,1164
1261,1419
1266,1188
1268,1346
1269,1420
1272,1399
1274,1145
1275,1210
1278,1282
1279,1309
1281,1141
1296,1449
1298,1438
1301,1137
1305,1186
1308,1414
1311,1320
1314,1259
1321,1183
1325,1125
1326,1103
1328,1322
1329,1426
1332,1411
1333,1340
1344,1193
1345,1468
1348,1131
1349,1337
1350,1300
1355,1133
1357,1247
1361,1415
1362,1254
1365,1168
1369,1283
1374,1270
1376,1367
1378,1126
1382,1373
1385,1290
1386,1271
1387,1146
1388,1341
1390,1470
1393,1248
1397,1404
1400,1223
1402,1230
1403,1316
1405,1434
1406,1107
1408,1368
1412,1421
1413,1429
1417,1167
1422,1299
1425,1169
1428,1101
1433,1389
1437,1291
1439,1263
1441,1132
1442,1304
1443,1106
1447,1216
1450,1108
1452,1324
1454,1315
1455,1240
1458,1383
1462,1310
1471,1143
1177,1164
1199,1335
1243,1197
1253,1225
1276,1138
1280,1466
1294,1334
1307,1194
1336,1464
1353,1250
1370,1108
1371,1192
1396,1271
1401,1316
1409,1322
1416,1352
1424,1205
1435,1106
1448,1456
1461,1178
1158,1354
1166,1244
1191,1237
1268,1203
1294,1218
1344,1357
1362,1341
1363,1168
1377,1102
1395,1270
1415,1113
1436,1320
1449,1319
1467,1312
1104,1355
1110,1456
1111,1190
1112,1410
1120,1419
1124,1230
1130,1221
1139,1146
1140,1361
1144,1216
1150,1367
1152,1188
1155,1459
1158,1252
1161,1115
1165,1248
1181,1119
1185,1229
1187,1145
1201,1254
1202,1257
1206,1335
1209,1318
1210,1391
1213,1316
1222,1349
1228,1117
1231,1296
1234,1282
1235,1333
1242,1470
1246,1352
1256,1238
1259,1354
1261,1402
1264,1200
1265,1162
1266,1306
1267,1460
1277,1444
1278,1443
1279,1149
1292,1126
1295,1142
1304,1358
1314,1135
1321,1219
1324,1329
1326,1310
1328,1427
1332,1374
1337,1226
1342,1440
1343,1376
1345,1232
1348,1136
1351,1164
1356,1122
1360,1305
1365,1390
1387,1183
1388,1411
1401,1101
1403,1212
1412,1287
1413,1186
1417,1437
1418,1379
1422,1297
1429,1350
1438,1347
1439,1298
1448,1441
1450,1370
1452,1338
1458,1453
1462,1245
1463,1269
1469,1381
1102,1409
1116,1205
1119,1216
1123,1303
1125,1191
1139,1407
1153,1208
1158,1259
1160,1307
1163,1164
1171,1207
1174,1373
1177,1141
1181,1144
1184,1454
1204,1378
1211,1400
1218,1334
1220,1182
1224,1133
1227,1434
1233,1217
1239,1299
1240,1105
1241,1330
1247,1107
1252,1354
1260,1195
1262,1173
1268,1436
1272,1300
1275,1249
1276,1341
1280,1285
1283,1106
1284,1406
1293,1468
1301,1159
1308,1431
1312,1250
1313,1398
1323,1169
1325,1156
1339,1108
1353,1467
1362,1172
1380,1408
1385,1389
1386,1291
1405,1178
1414,1129
1416,1274
1424,1143
1425,1396
1428,1170
1447,1433
1455,1375
1457,1273
1464,1369
1465,1290
1471,1203
1472,1383
1127,1357
1130,1193
1135,1148
1151,1421
1179,1377
1187,1441
1196,1199
1206,1288
1252,1259
1278,1343
1329,1341
1335,1137
1351,1175
1355,1372
1370,1226
1371,1463
1376,1443
1382,1145
1393,1180
1397,1190
1401,1394
1435,1402
1461,1115
1113,1316
1124,1311
1125,1202
1138,1317
1141,1183
1143,1360
1155,1136
1160,1263
1170,1142
1176,1237
1200,1472
1201,1225
1210,1249
1211,1108
1257,1298
1261,1251
1266,1228
1269,1336
1282,1281
1307,1212
1315,1285
1325,1352
1326,1132
1330,1264
1342,1154
1344,1458
1346,1221
1362,1359
1374,1322
1378,1299
1388,1381
1390,1363
1395,1379
1403,1341
1409,1333
1417,1253
1422,1164
1424,1295
1428,1126
1430,1337
1439,1347
1449,1411
1450,1364
1451,1182
1101,1426
1104,1375
1112,1295
1140,1332
1151,1399
1153,1105
1165,1159
1166,1304
1168,1203
1181,1205
1207,1110
1208,1354
1222,1438
1233,1220
1234,1300
1235,1106
1236,1122
1241,1184
1246,1291
1260,1152
1272,1387
1274,1194
1284,1250
1292,1457
1293,1229
1301,1148
1313,1456
1314,1158
1318,1131
1321,1309
1323,1219
1329,1262
1335,1248
1338,1423
1345,1460
1349,1380
1350,1209
1353,1312
1365,1305
1371,1276
1394,1237
1406,1214
1407,1240
1416,1239
1425,1195
1427,1176
1437,1224
1455,1470
1463,1373
1465,1238
1102,1411
1116,1320
1119,1467
1124,1146
1137,1351
1162,1127
1163,1254
1164,1259
1174,1247
1180,1386
1199,1408
1206,1268
1213,1341
1217,1107
1231,1385
1243,1303
1252,1173
1258,1114
1262,1148
1275,1391
1277,1139
1280,1178
1283,1358
1324,1405
1329,1301
1337,1413
1343,1265
1348,1130
1355,1286
1360,1415
1388,1468
1390,1434
1394,1176
1400,1294
1401,1223
1417,1316
1427,1237
1430,1253
1433,1435
1448,1149
1131,1216
1143,1381
1144,1267
1150,1111
1153,1342
1155,1396
1177,1353
1190,1367
1196,1454
1198,1123
1232,1330
1234,1106
1242,1392
1261,1270
1266,1279
1281,1296
1297,1185
1308,1172
1317,1426
1319,1167
1321,1192
1328,1187
1336,1383
1339,1115
1344,1306
1359,1333
1361,1113
1362,1305
1370,1288
1374,1368
1376,1412
1382,1129
1395,1311
1421,1399
1422,1453
1423,1157
1429,1335
1439,1384
1450,1225
1451,1269
1452,1189
1461,1449
1462,1326
1465,1363
1104,1324
1112,1455
1117,1369
1120,1378
1125,1244
1129,1396
1161,1133
1166,1135
1168,1360
1172,1335
1181,1248
1186,1169
1187,1330
1194,1404
1198,1453
1202,1347
1207,1373
1210,1208
1211,1468
1233,1251
1241,1206
1246,1325
1255,1110
1256,1322
1262,1203
1264,1466
1266,1452
1268,1220
1269,1422
1271,1200
1272,1443
1276,1424
1278,1236
1279,1189
1291,1352
1304,1226
1310,1188
1313,1132
1315,1407
1318,1182
1328,1232
1338,1406
1349,1309
1356,1160
1365,1142
1372,1292
1377,1380
1382,1155
1391,1249
1402,1469
1420,1441
1429,1308
1431,1334
1436,1463
1438,1164
1451,1123
1459,1214
1464,1472
1467,1250
1102,1221
1106,1300
1122,1173
1124,1390
1126,1136
1135,1133
1138,1351
1146,1331
1151,1433
1156,1145
1159,1393
1160,1182
1163,1127
1169,1469
1177,1442
1179,1350
1184,1107
1188,1464
1193,1357
1194,1315
1204,1214
1209,1456
1219,1224
1229,1137
1233,1466
1247,1119
1255,1420
1257,1178
1260,1227
1264,1251
1265,1440
1277,1185
1284,1386
1285,1303
1298,1347
1307,1286
1319,1410
1339,1288
1345,1314
1346,1148
1361,1426
1364,1152
1385,1192
1387,1273
1400,1363
1402,1186
1403,1230
1407,1404
1409,1348
1414,1337
1416,1191
1423,1175
1428,1130
1435,1457
1437,1397
1441,1110
1448,1299
1471,1170
1472,1310
1102,1126
1112,1276
1123,1269
1129,1279
1131,1296
1136,1221
1161,1166
1172,1187
1176,1223
1198,1422
1199,1258
1209,1219
1224,1456
1231,1418
1235,1212
1267,1238
1274,1197
1280,1287
1281,1374
1298,1202
1301,1411
1304,1380
1308,1232
1310,1464
1318,1356
1335,1330
1343,1333
1345,1437
1348,1130
1358,1114
1377,1398
1379,1249
1382,1266
1394,1427
1396,1189
1397,1314
1404,1315
1412,1105
1428,1409
1429,1328
1439,1467
1441,1255
1451,1453
1452,1155
1455,1424
1459,1204
1462,1313
1465,1294
1472,1188
1114,1296
1116,1243
1131,1358
1153,1228
1156,1164
1160,1135
1161,1318
1166,1356
1174,1111
1181,1154
1182,1133
1184,1183
1190,1293
1196,1143
1199,1281
1200,1103
1201,1337
1203,1460
1210,1149
1211,1141
1222,1139
1234,1444
1245,1241
1246,1107
1248,1353
1258,1374
1261,1125
1282,1226
1283,1253
1295,1470
1311,1142
1324,1436
1325,1291
1326,1371
1329,1158
1334,1152
1336,1165
1344,1321
1349,1191
1350,1220
1355,1305
1362,1288
1365,1395
1370,1115
1373,1217
1388,1323
1392,1357
1405,1150
1407,1194
1408,1180
1410,1319
1415,1431
1417,1468
1419,1322
1425,1469
1430,1225
1434,1240
1438,1208
1442,1297
1449,1206
1450,1457
1458,1401
1461,1213
1111,1103
1116,1153
1132,1454
1148,1263
1157,1434
1170,1413
1174,1200
1180,1150
1190,1283
1195,1348
1211,1417
1228,1243
1231,1238
1241,1460
1245,1203
1250,1162
1251,1126
1267,1418
1273,1137
1292,1351
1293,1253
1304,1398
1305,1206
1306,1346
1314,1421
1321,1208
1324,1349
1339,1340
1363,1294
1367,1354
1372,1138
1376,1459
1381,1463
1385,1383
1387,1229
1388,1332
1389,1254
1390,1299
1399,1252
1401,1139
1403,1303
1405,1408
1406,1335
1410,1168
1420,1110
1436,1191
1438,1344
1448,1244
1449,1355
1458,1222
1467,1216
1468,1141
1102,1176
1103,1191
1107,1183
1124,1113
1138,1229
1140,1411
1142,1225
1144,1271
1145,1164
1163,1120
1165,1384
1168,1319
1185,1442
1190,1245
1193,1392
1196,1326
1198,1315
1199,1131
1200,1349
1201,1365
1217,1159
1222,1332
1235,1462
1240,1180
1253,1460
1256,1419
1269,1262
1272,1439
1276,1470
1277,1260
1278,1239
1283,1203
1284,1343
1285,1471
1292,1273
1293,1241
1305,1449
1309,1146
1312,1192
1324,1174
1328,1223
1342,1440
1347,1456
1351,1137
1355,1206
1364,1115
1371,1143
1374,1358
1378,1214
1379,1423
1381,1132
1387,1372
1395,1337
1400,1465
1401,1323
1405,1157
1427,1249
1430,1311
1431,1197
1433,1393
1434,1408
1435,1338
1436,1111
1443,1105
1458,1388
1463,1454
1120,1260
1124,1433
1125,1179
1173,1274
1218,1227
1233,1104
1242,1317
1257,1280
1268,1350
1277,1163
1342,1309
1361,1207
1362,1406
1375,1360
1379,1471
1393,1113
1412,1307
1425,1386
1440,1146
1104,1179
1120,1393
1122,1224
1124,1277
1125,1233
1130,1162
1136,1135
1155,1149
1163,1433
1167,1129
1173,1242
1177,1297
1181,1211
1195,1444
1210,1204
1228,1410
1234,1340
1235,1272
1236,1368
1246,1316
1260,1113
1261,1336
1270,1383
1274,1317
1279,1290
1285,1379
1286,1339
1287,1117
1309,1440
1329,1331
1330,1255
1334,1115
1342,1146
1345,1303
1356,1108
1359,1299
1360,1227
1362,1412
1369,1230
1375,1218
1386,1207
1397,1399
1406,1307
1409,1114
1415,1197
1425,1361
1438,1250
1448,1333
1452,1184
1455,1281
1462,1439
1102,1226
1112,1170
1119,1265
1123,1232
1133,1263
1140,1428
1144,1391
1158,1151
1161,1294
1166,1188
1172,1352
1186,1450
1187,1164
1195,1368
1202,1367
1205,1441
1213,1337
1217,1318
1220,1178
1231,1267
1238,1418
1240,1189
1251,1271
1254,1175
1257,1268
1258,1341
1261,1448
1266,1296
1269,1353
1280,1350
1284,1153
1286,1230
1287,1282
1295,1225
1298,1291
1299,1383
1301,1256
1304,1377
1306,1221
1320,1382
1328,1416
1336,1333
1339,1369
1344,1389
1348,1209
1359,1270
1370,1472
1385,1312
1396,1174
1403,1249
1414,1365
1417,1424
1420,1338
1422,1436
1429,1426
1430,1176
1442,1275
1443,1404
1444,1236
1451,1469
1457,1449
1104,1274
1108,1454
1116,1335
1117,1282
1131,1467
1132,1152
1135,1346
1137,1373
1143,1201
1154,1354
1160,1390
1169,1360
1171,1136
1173,1125
1177,1185
1182,1110
1191,1183
1195,1236
1196,1407
1198,1316
1200,1148
1212,1288
1241,1194
1242,1233
1243,1315
1244,1149
1259,1193
1286,1369
1313,1214
1317,1179
1339,1230
1343,1192
1347,1184
1371,1126
1372,1322
1374,1419
1376,1351
1380,1398
1384,1250
1392,1463
1437,1247
1444,1368
1459,1208
1466,1106
1111,1216
1130,1378
1165,1145
1205,1300
1211,1470
1213,1258
1228,1323
1234,1438
1246,1141
1248,1162
1288,1214
1310,1159
1313,1212
1331,1409
1332,1285
1388,1415
1395,1122
1400,1358
1426,1364
1435,1290
1461,1168
1151,1399
1158,1408
1163,1271
1166,1295
1172,1150
1174,1254
1187,1330
1188,1303
1202,1219
1207,1255
1222,1322
1264,1192
1266,1238
1278,1338
1279,1351
1291,1224
1305,1337
1307,1308
1312,1357
1318,1178
1326,1181
1345,1199
1353,1155
1355,1341
1361,1253
1363,1377
1365,1218
1373,1119
1387,1129
1393,1231
1397,1342
1401,1309
1402,1349
1422,1189
1448,1321
1452,1468
1103,1267
1116,1146
1120,1416
1131,1203
1132,1182
1133,1320
1135,1262
1148,1221
1153,1275
1157,1376
1161,1114
1173,1106
1194,1391
1198,1195
1200,1383
1201,1360
1208,1272
1220,1343
1229,1283
1233,1265
1235,1115
1243,1107
1256,1411
1259,1152
1260,1232
1261,1325
1273,1244
1274,1336
1277,1257
1287,1204
1292,1404
1296,1183
1298,1456
1300,1367
1301,1304
1313,1423
1314,1276
1328,1196
1332,1415
1344,1403
1348,1217
1350,1459
1356,1191
1370,1270
1371,1447
1374,1424
1375,1379
1382,1164
1384,1137
1386,1127
1392,1110
1394,1410
1396,1247
1412,1190
1413,1334
1417,1160
1420,1162
1421,1154
1425,1428
1430,1140
1436,1171
1437,1335
1439,1268
1442,1123
1450,1113
1455,1329
1457,1216
1458,1210
1462,1141
1463,1250
1466,1290
1125,1252
1143,1333
1156,1297
1174,1175
1178,1237
1179,1434
1180,1192
1213,1427
1239,1149
1251,1281
1280,1249
1285,1170
1294,1286
1324,1227
1340,1226
1357,1248
1381,1186
1388,1429
1395,1331
1406,1254
1451,1319
1453,1352
1460,1236
1461,1176
1464,1454
1465,1142
1471,1185
1129,1409
1130,1323
1165,1164
1193,1145
1202,1158
1222,1136
1228,1353
1233,1351
1242,1385
1264,1373
1284,1310
1308,1431
1318,1159
1345,1234
1354,1378
1363,1315
1364,1337
1389,1346
1400,1410
1418,1309
1438,1338
1440,1339
1101,1230
1102,1119
1103,1380
1104,1211
1116,1114
1117,1146
1120,1463
1124,1115
1131,1127
1133,1188
1140,1283
1150,1203
1152,1398
1156,1460
1157,1457
1161,1388
1162,1263
1163,1212
1168,1334
1172,1456
1173,1296
1186,1303
1187,1205
1191,1399
1195,1171
1198,1391
1201,1169
1213,1290
1214,1313
1219,1189
1220,1137
1224,1110
1231,1304
1232,1275
1235,1166
1236,1297
1238,1229
1247,1221
1255,1175
1256,1365
1257,1301
1258,1253
1259,1291
1260,1177
1262,1467
1267,1182
1269,1217
1271,1250
1273,1209
1274,1155
1276,1361
1277,1405
1279,1272
1286,1170
1293,1292
1294,1285
1306,1148
1319,1226
1324,1237
1325,1384
1330,1206
1331,1223
1343,1180
1344,1348
1356,1379
1362,1424
1374,1435
1375,1240
1381,1225
1382,1138
1393,1199
1396,1335
1397,1160
1408,1108
1412,1387
1419,1322
1421,1300
1425,1450
1433,1144
1437,1386
1441,1367
1442,1404
1443,1184
1447,1392
1448,1439
1451,1340
1452,1347
1454,1352
1458,1266
1461,1270
1464,1453
1112,1333
1113,1332
1125,1359
1135,1357
1149,1470
1151,1252
1153,1136
1174,1420
1178,1227
1179,1472
1193,1310
1194,1316
1216,1383
1243,1455
1265,1351
1278,1280
1284,1145
1312,1248
1314,1210
1321,1268
1326,1336
1346,1264
1350,1320
1360,1142
1368,1407
1373,1389
1376,1207
1385,1200
1402,1176
1416,1126
1428,1143
1434,1444
1440,1370
1442,1141
1459,1244
1462,1329
1154,1300
1159,1162
1222,1108
1228,1234
1251,1175
1273,1157
1287,1342
1308,1307
1337,1363
1406,1245
1411,1196
1116,1150
1125,1387
1129,1169
1132,1324
1135,1467
1139,1328
1158,1408
1177,1182
1187,1299
1195,1197
1206,1298
1208,1239
1241,1438
1242,1431
1246,1380
1247,1192
1258,1409
1276,1304
1281,1183
1286,1295
1294,1377
1318,1269
1330,1456
1343,1137
1344,1436
1348,1357
1365,1291
1396,1435
1403,1397
1405,1133
1425,1184
1437,1393
1457,1202
1463,1107
1465,1315
1110,1384
1112,1461
1117,1115
1131,1262
1136,1306
1138,1443
1140,1429
1143,1226
1151,1421
1160,1186
1174,1248
1179,1303
1185,1310
1188,1236
1193,1221
1196,1316
1203,1164
1207,1420
1225,1355
1265,1127
1266,1243
1274,1252
1277,1278
1283,1114
1285,1102
1297,1145
1326,1406
1336,1447
1346,1171
1359,1106
1361,1168
1362,1201
1369,1191
1374,1173
1381,1430
1382,1259
1383,1389
1386,1335
1392,1220
1394,1410
1395,1428
1418,1270
1424,1370
1433,1240
1439,1165
1441,1399
1450,1451
1452,1163
1458,1231
1459,1205
1462,1123
1464,1141
1466,1105
1113,1213
1200,1254
1211,1467
1214,1456
1235,1234
1245,1178
1301,1126
1307,1176
1311,1290
1338,1159
1353,1345
1371,1400
1385,1284
1119,1312
1129,1341
1160,1454
1177,1257
1202,1111
1260,1435
1282,1453
1293,1272
1295,1169
1354,1219
1398,1237
1436,1135
1101,1180
1104,1222
1107,1162
1110,1291
1112,1228
1117,1290
1120,1304
1131,1171
1139,1183
1142,1340
1143,1365
1150,1434
1155,1179
1161,1280
1163,1382
1166,1140
1167,1225
1178,1444
1182,1306
1185,1198
1186,1315
1190,1287
1195,1352
1201,1414
1207,1393
1227,1141
1229,1152
1230,1212
1236,1369
1239,1423
1241,1347
1242,1281
1247,1335
1255,1288
1256,1418
1261,1210
1267,1184
1273,1204
1277,1336
1278,1276
1283,1331
1286,1472
1292,1404
1308,1258
1314,1189
1316,1122
1317,1269
1323,1246
1325,1391
1326,1458
1328,1116
1337,1106
1343,1248
1344,1148
1346,1263
1349,1223
1350,1405
1355,1450
1359,1105
1363,1334
1372,1251
1373,1221
1377,1319
1380,1368
1383,1175
1386,1396
1387,1130
1388,1364
1392,1136
1394,1303
1395,1401
1397,1422
1406,1164
1407,1399
1409,1356
1416,1299
1417,1266
1421,1441
1424,1216
1426,1249
1427,1358
1428,1264
1429,1309
1433,1330
1440,1205
1443,1279
1448,1367
1455,1313
1461,1430
1462,1153
1464,1145
1469,1176
1103,1197
1124,1437
1157,1459
1158,1342
1172,1318
1173,1439
1188,1282
1193,1456
1231,1467
1233,1463
1235,1238
1243,1453
1259,1214
1268,1196
1274,1200
1284,1338
1298,1265
1321,1312
1345,1301
1370,1471
1371,1353
1376,1199
1385,1159
1390,1332
1398,1252
1415,1465
1425,1253
1431,1307
1452,1245
1107,1130
1203,1347
1295,1232
1296,1152
1329,1156
1339,1142
1343,1420
1348,1454
1357,1162
1113,1166
1120,1466
1129,1365
1153,1197
1155,1275
1177,1227
1180,1164
1181,1354
1222,1418
1239,1379
1257,1368
1261,1322
1272,1104
1278,1394
1280,1209
1284,1463
1299,1190
1314,1202
1317,1358
1320,1238
1334,1364
1375,1470
1378,1122
1384,1216
1392,1148
1397,1367
1400,1115
1403,1117
1404,1421
1406,1422
1407,1105
1411,1410
1412,1212
1413,1333
1419,1372
1448,1440
1455,1108
1101,1167
1103,1460
1112,1294
1125,1151
1176,1471
1189,1457
1193,1192
1199,1252
1204,1144
1207,1224
1240,1198
1279,1292
1283,1355
1300,1205
1308,1450
1325,1267
1332,1339
1356,1369
1377,1468
1402,1249
1416,1396
1424,1303
1425,1414
1429,1451
1433,1194
1458,1311
1462,1287
1152,1237
1179,1238
1181,1111
1331,1426
1349,1230
1390,1171
1391,1158
1398,1149
1409,1108
1422,1420
1431,1270
1166,1437
1201,1142
1251,1187
1280,1202
1295,1334
1350,1301
1361,1388
1363,1339
1365,1197
1410,1427
1439,1382
1448,1150
1470,1375
1104,1240
1112,1465
1120,1387
1124,1332
1133,1386
1137,1247
1140,1451
1145,1138
1148,1216
1155,1376
1160,1167
1169,1340
1172,1347
1181,1189
1184,1297
1196,1378
1206,1208
1211,1403
1213,1362
1220,1116
1222,1329
1224,1299
1228,1384
1229,1123
1231,1323
1232,1105
1234,1429
1242,1372
1246,1314
1261,1256
1265,1131
1276,1381
1279,1173
1281,1428
1283,1146
1291,1288
1293,1151
1300,1175
1305,1258
1310,1107
1311,1290
1317,1455
1320,1267
1337,1369
1338,1385
1344,1163
1345,1139
1354,1398
1359,1244
1360,1319
1392,1389
1394,1249
1395,1207
1401,1333
1419,1379
1421,1190
1423,1219
1425,1210
1435,1122
1438,1192
1442,1183
1443,1257
1449,1370
1450,1294
1452,1412
1459,1342
1460,1399
1462,1266
1468,1275
1469,1315
1117,1102
1132,1352
1143,1171
1178,1141
1179,1404
1182,1414
1195,1273
1217,1221
1227,1296
1235,1368
1243,1304
1254,1119
1262,1357
1269,1193
1284,1159
1286,1339
1292,1157
1328,1426
1350,1330
1362,1113
1364,1197
1365,1285
1374,1307
1380,1245
1400,1390
1413,1334
1124,1108
1150,1271
1208,1441
1211,1319
1264,1149
1274,1391
1323,1444
1331,1377
1345,1230
1354,1154
1355,1282
1419,1249
1434,1185
1442,1176
1447,1175
1472,1303
1107,1250
1116,1189
1123,1183
1133,1358
1153,1399
1163,1266
1167,1171
1172,1104
1173,1380
1187,1379
1202,1342
1206,1110
1210,1209
1217,1224
1219,1194
1229,1427
1233,1174
1234,1368
1235,1152
1240,1114
1243,1270
1258,1468
1264,1154
1277,1324
1280,1457
1287,1237
1307,1313
1314,1111
1325,1367
1332,1337
1333,1311
1338,1239
1354,1149
1359,1279
1365,1363
1375,1188
1395,1212
1401,1322
1405,1267
1428,1201
1429,1340
1430,1449
1431,1300
1437,1462
1460,1301
1465,1369
1467,1263
1470,1102
1101,1255
1120,1293
1129,1450
1133,1431
1140,1378
1143,1334
1145,1195
1150,1441
1151,1292
1155,1438
1158,1330
1176,1472
1179,1152
1181,1439
1190,1208
1196,1392
1216,1357
1220,1284
1222,1402
1228,1281
1231,1297
1246,1443
1251,1320
1261,1252
1265,1126
1278,1453
1282,1377
1295,1315
1303,1442
1304,1244
1323,1394
1328,1108
1339,1413
1350,1137
1352,1384
1355,1331
1358,1300
1361,1471
1362,1356
1364,1226
1376,1119
1381,1469
1388,1283
1390,1461
1396,1175
1397,1112
1400,1106
1403,1186
1406,1298
1407,1273
1412,1290
1416,1466
1423,1144
1424,1360
1434,1456
1435,1218
1436,1159
1452,1464
1455,1341
1201,1451
1378,1218
1390,1251
1435,1140
1447,1193
1461,1320
1140,1251
1461,1378
1393,1135
1124,1322
1129,1201
1211,1466
1268,1250
1323,1338
1356,1212
1388,1463
1400,1230
1403,1106
1102,1429
1104,1397
1120,1261
1136,1148
1139,1177
1141,1245
1189,1318
1202,1359
1205,1208
1234,1442
1242,1305
1246,1281
1257,1448
1274,1301
1275,1138
1277,1219
1280,1116
1287,1183
1344,1371
1345,1311
1357,1254
1374,1409
1393,1165
1401,1146
1405,1444
1408,1272
1423,1174
1440,1459
1447,1384
1456,1220
1458,1229
1467,1383
1101,1430
1114,1204
1151,1190
1156,1236
1157,1419
1168,1167
1186,1340
1200,1247
1213,1152
1252,1105
1256,1267
1268,1135
1285,1226
1293,1369
1297,1453
1324,1352
1330,1198
1331,1176
1333,1428
1353,1263
1355,1295
1358,1249
1381,1170
1386,1350
1404,1122
1407,1402
1412,1431
1416,1276
1418,1111
1426,1375
1451,1286
1460,1454
1470,1469
1471,1364
1136,1357
1148,1383
1174,1158
1192,1384
1246,1219
1346,1310
1456,1318
1467,1254
1101,1469
1103,1138
1111,1419
1117,1204
1119,1259
1123,1132
1124,1235
1131,1137
1166,1266
1186,1319
1199,1301
1242,1206
1245,1405
1250,1110
1256,1443
1272,1455
1274,1448
1285,1451
1286,1226
1294,1381
1298,1221
1305,1307
1308,1152
1317,1349
1324,1464
1325,1444
1328,1243
1331,1303
1332,1428
1344,1177
1353,1148
1361,1424
1369,1122
1400,1452
1408,1153
1412,1427
1418,1157
1426,1407
1430,1470
1437,1371
1438,1393
1440,1202
1454,1297
1460,1453
1471,1169
1472,1442
1127,1262
1143,1113
1165,1171
1222,1396
1232,1133
1233,1265
1257,1210
1277,1321
1283,1179
1312,1263
1314,1130
1320,1191
1326,1304
1335,1135
1336,1231
1374,1416
1387,1350
1434,1229
1105,1115
1106,1290
1112,1449
1126,1197
1180,1406
1234,1268
1358,1410
1380,1411
1458,1345
1119,1137
1120,1376
1124,1328
1146,1184
1161,1102
1181,1210
1185,1444
1228,1278
1242,1329
1245,1123
1250,1159
1251,1391
1252,1466
1259,1221
1261,1246
1266,1344
1272,1409
1298,1131
1301,1439
1325,1103
1353,1276
1371,1139
1400,1243
1401,1208
1405,1141
1435,1116
1438,1155
1448,1199
1104,1196
1105,1290
1108,1238
1115,1106
1138,1132
1151,1459
1156,1236
1172,1386
1187,1408
1190,1440
1195,1316
1198,1126
1202,1422
1205,1149
1222,1378
1235,1403
1257,1338
1273,1359
1274,1393
1277,1304
1283,1133
1299,1342
1320,1434
1323,1314
1336,1321
1350,1269
1385,1177
1396,1416
1397,1279
1411,1212
1421,1144
1433,1173
1437,1166
1441,1154
1454,1453
1464,1352
1111,1375
1125,1369
1127,1107
1140,1334
1153,1374
1160,1450
1213,1410
1228,1268
1231,1326
1254,1291
1256,1431
1260,1362
1270,1309
1285,1186
1286,1225
1303,1315
1311,1230
1312,1262
1331,1472
1347,1367
1349,1292
1368,1223
1370,1152
1372,1101
1379,1427
1383,1384
1394,1322
1404,1398
1407,1157
1412,1317
1415,1471
1417,1253
1418,1117
1419,1114
1425,1143
1426,1209
1436,1306
1447,1136
1449,1428
1458,1234
1460,1227
1470,1358
1119,1250
1135,1217
1156,1352
1178,1454
1221,1248
1236,1464
1259,1131
1265,1193
1266,1207
1298,1137
1309,1223
1311,1394
1322,1230
1325,1245
1335,1165
1343,1162
1368,1270
1462,1139
1106,1238
1108,1105
1117,1419
1120,1196
1123,1185
1124,1395
1125,1404
1132,1275
1140,1388
1151,1154
1152,1465
1155,1301
1162,1335
1164,1354
1169,1142
1170,1294
1171,1135
1172,1348
1173,1203
1176,1315
1179,1191
1182,1269
1186,1225
1194,1267
1199,1257
1202,1273
1204,1426
1205,1214
1211,1337
1212,1126
1218,1253
1222,1455
1230,1223
1239,1195
1240,1466
1246,1208
1254,1384
1256,1427
1260,1133
1261,1397
1262,1420
1274,1181
1279,1280
1281,1104
1287,1122
1290,1341
1291,1383
1293,1188
1295,1303
1299,1347
1306,1107
1308,1410
1309,1322
1312,1127
1314,1438
1317,1292
1320,1283
1323,1210
1328,1235
1329,1400
1331,1442
1338,1130
1343,1165
1344,1385
1345,1336
1349,1412
1353,1304
1355,1377
1356,1434
1358,1101
1359,1441
1361,1161
1362,1360
1367,1342
1368,1311
1371,1163
1376,1435
1380,1197
1387,1233
1391,1316
1392,1263
1394,1270
1396,1187
1398,1369
1401,1116
1403,1242
1405,1296
1407,1111
1408,1378
1411,1115
1413,1471
1414,1415
1417,1143
1421,1149
1422,1440
1429,1307
1430,1469
1431,1379
1433,1247
1437,1177
1443,1198
1448,1393
1450,1428
1452,1243
1459,1190
1460,1237
1467,1148
1468,1184
1470,1372
1146,1252
1156,1464
1158,1189
1160,1449
1220,1241
1231,1278
1236,1352
1272,1153
1286,1285
1310,1346
1324,1454
1326,1321
1351,1265
1373,1193
1406,1318
1458,1268
1105,1238
1108,1106
1131,1110
1159,1119
1190,1441
1197,1212
1227,1237
1250,1221
1259,1137
1282,1303
1288,1354
1295,1176
1298,1248
1332,1333
1341,1115
1360,1337
1377,1315
1380,1126
1411,1290
1422,1459
1457,1144
1103,1123
1120,1104
1138,1444
1145,1346
1172,1269
1173,1387
1174,1180
1185,1141
1199,1274
1201,1363
1228,1304
1233,1193
1239,1391
1240,1252
1241,1318
1242,1235
1246,1435
1251,1316
1260,1434
1266,1177
1296,1245
1320,1232
1325,1132
1336,1353
1372,1410
1382,1247
1390,1425
1393,1338
1397,1376
1400,1328
1401,1279
1403,1124
1405,1275
1406,1220
1424,1307
1433,1203
1452,1329
1466,1184
1468,1146
1107,1262
1116,1281
1129,1305
1133,1191
1144,1149
1153,1187
1161,1429
1163,1385
1179,1229
1181,1448
1200,1182
1202,1190
1205,1342
1210,1130
1255,1347
1261,1196
1268,1321
1277,1278
1280,1208
1283,1356
1287,1404
1299,1214
1301,1257
1313,1175
1323,1155
1348,1386
1365,1334
1367,1219
1370,1430
1374,1378
1395,1243
1396,1409
1408,1455
1416,1272
1420,1312
1423,1189
1436,1392
1437,1462
1438,1439
1441,1151
1449,1143
1459,1359
1469,1465
1111,1157
1112,1160
1119,1131
1125,1399
1139,1207
1150,1431
1154,1422
1159,1298
1168,1169
1177,1371
1188,1183
1211,1140
1213,1101
1218,1414
1227,1454
1234,1231
1236,1178
1244,1195
1250,1137
1253,1364
1256,1379
1259,1248
1273,1440
1292,1194
1293,1398
1297,1464
1308,1470
1310,1145
1317,1267
1324,1156
1330,1427
1332,1417
1355,1303
1358,1249
1360,1339
1362,1258
1375,1209
1377,1176
1388,1337
1390,1450
1402,1419
1403,1329
1410,1152
1412,1198
1415,1142
1425,1333
1426,1418
1442,1315
1443,1349
1451,1225
1453,1237
1457,1421
1458,1326
1460,1352
1138,1123
1172,1350
1201,1424
1228,1276
1233,1264
1245,1103
1345,1304
1346,1351
1373,1265
1382,1433
1389,1284
1106,1105
1107,1312
1108,1411
1111,1157
1112,1428
1116,1261
1120,1279
1126,1290
1129,1307
1130,1155
1136,1291
1140,1362
1142,1413
1144,1347
1146,1466
1150,1427
1151,1202
1152,1249
1156,1178
1160,1113
1161,1363
1164,1288
1168,1364
1173,1182
1180,1318
1181,1301
1187,1272
1190,1359
1196,1376
1197,1115
1199,1393
1211,1365
1212,1380
1213,1470
1217,1162
1218,1471
1219,1299
1220,1174
1222,1409
1226,1225
1227,1453
1235,1400
1238,1341
1239,1316
1240,1184
1241,1456
1242,1452
1243,1403
1244,1391
1246,1397
1251,1195
1253,1169
1254,1148
1255,1205
1260,1232
1266,1371
1270,1223
1273,1422
1275,1444
1280,1104
1283,1434
1287,1398
1292,1198
1293,1125
1296,1185
1305,1102
1308,1101
1309,1311
1313,1224
1314,1210
1317,1443
1320,1356
1321,1277
1324,1236
1329,1124
1331,1282
1332,1425
1335,1171
1338,1257
1339,1337
1340,1170
1343,1135
1348,1269
1349,1267
1352,1297
1353,1268
1355,1176
1357,1192
1358,1372
1360,1258
1367,1421
1368,1322
1370,1469
1374,1408
1375,1204
1377,1303
1378,1416
1384,1467
1387,1200
1394,1230
1395,1328
1399,1404
1401,1281
1402,1418
1405,1132
1406,1189
1412,1194
1415,1167
1417,1333
1419,1426
1431,1330
1435,1208
1436,1420
1439,1323
1440,1154
1442,1295
1447,1383
1448,1438
1449,1390
1450,1143
1454,1237
1457,1149
1459,1441
1461,1429
1462,1166
1463,1165
1464,1460
1465,1430
1468,1252
1110,1137
1127,1263
1153,1455
1229,1133
1233,1310
1234,1278
1248,1119
1256,1379
1259,1250
1264,1145
1265,1284
1298,1131
1326,1336
1346,1193
1385,1207
1389,1351
1437,1139
1113,1428
1115,1126
1125,1188
1136,1384
1174,1318
1176,1282
1179,1356
1189,1241
1194,1150
1197,1290
1203,1206
1217,1171
1220,1180
1231,1304
1238,1411
1244,1316
1247,1386
1254,1383
1258,1339
1273,1154
1291,1467
1293,1183
1313,1271
1319,1225
1323,1224
1341,1108
1343,1335
1345,1228
1357,1148
1370,1465
1372,1249
1381,1340
1392,1420
1398,1399
1406,1456
1423,1158
1424,1363
1447,1192
1451,1226
1461,1305
1463,1135
1103,1444
1116,1376
1124,1452
1129,1102
1132,1296
1163,1139
1167,1142
1172,1433
1173,1382
1184,1252
1195,1391
1199,1181
1201,1429
1222,1378
1233,1284
1240,1146
1242,1328
1243,1400
1245,1185
1251,1239
1260,1191
1274,1314
1276,1268
1281,1279
1310,1264
1325,1275
1326,1237
1350,1200
1389,1145
1393,1155
1397,1435
1403,1235
1405,1123
1416,1187
1458,1321
1468,1466
1104,1261
1107,1420
1119,1110
1120,1208
1131,1259
1133,1179
1149,1219
1159,1137
1161,1307
1166,1385
1190,1273
1196,1280
1202,1441
1216,1306
1246,1401
1250,1298
1255,1144
1257,1130
1262,1263
1266,1437
1283,1229
1299,1421
1329,1395
1346,1351
1347,1214
1348,1247
1353,1234
1356,1232
1367,1205
1386,1203
1392,1127
1434,1320
1436,1312
1438,1338
1439,1301
1448,1210
1459,1154
1461,1363
1462,1177
1102,1424
1103,1132
1111,1209
1112,1390
1117,1426
1122,1404
1129,1429
1140,1360
1151,1422
1153,1409
1157,1204
1163,1139
1168,1414
1174,1456
1180,1189
1186,1170
1194,1443
1198,1267
1199,1316
1211,1362
1218,1167
1223,1230
1231,1345
1253,1471
1258,1337
1269,1387
1282,1295
1284,1193
1285,1340
1286,1319
1287,1125
1293,1183
1294,1225
1297,1227
1309,1368
1311,1322
1317,1150
1331,1315
1344,1207
1349,1330
1355,1472
1358,1308
1369,1398
1370,1101
1372,1213
1374,1272
1375,1418
1388,1365
1394,1270
1399,1188
1402,1114
1406,1158
1407,1419
1413,1169
1417,1428
1423,1241
1425,1160
1430,1410
1431,1427
1440,1359
1449,1333
1451,1226
1453,1178
1454,1324
1457,1342
1460,1237
1465,1470
1469,1249
1136,1467
1138,1245
1145,1351
1156,1464
1229,1191
1236,1352
1264,1373
1268,1228
1277,1458
1291,1357
1305,1201
1382,1182
1383,1192
1384,1148
1389,1310
1405,1325
1447,1254
1101,1465
1103,1185
1104,1281
1111,1204
1114,1426
1116,1401
1117,1402
1119,1298
1120,1246
1124,1328
1126,1238
1127,1312
1129,1361
1130,1439
1131,1250
1132,1444
1133,1356
1135,1162
1137,1221
1140,1339
1144,1299
1150,1349
1151,1440
1154,1190
1155,1338
1157,1209
1161,1102
1165,1217
1166,1177
1168,1471
1172,1200
1174,1189
1176,1303
1178,1454
1179,1320
1181,1393
1184,1316
1194,1267
1196,1435
1197,1108
1198,1443
1199,1274
1202,1459
1203,1348
1206,1173
1212,1290
1214,1219
1218,1142
1220,1318
1222,1187
1223,1394
1224,1288
1225,1170
1234,1336
1240,1195
1241,1158
1242,1243
1252,1244
1253,1414
1255,1342
1259,1110
1270,1230
1273,1441
1275,1296
1278,1353
1280,1279
1282,1315
1283,1260
1285,1319
1286,1340
1287,1188
1292,1379
1293,1404
1294,1186
1295,1331
1297,1237
1300,1175
1301,1438
1306,1262
1308,1372
1309,1322
1313,1164
1317,1330
1323,1257
1324,1453
1335,1463
1341,1106
1343,1171
1350,1247
1354,1271
1355,1442
1358,1213
1360,1334
1362,1337
1367,1149
1368,1311
1369,1183
1370,1470
1371,1385
1375,1419
1376,1208
1377,1472
1380,1115
1381,1226
1388,1258
1390,1113
1391,1466
1392,1107
1395,1235
1397,1261
1398,1122
1400,1329
1403,1452
1411,1105
1412,1256
1415,1169
1416,1408
1417,1160
1418,1407
1420,1263
1421,1347
1422,1359
1423,1406
1424,1363
1425,1428
1430,1249
1433,1386
1434,1232
1436,1216
1437,1207
1448,1314
1456,1180
1457,1205
1460,1227
1461,1307
1468,1239
1469,1410
1112,1143
1136,1383
1145,1389
1156,1352
1191,1229
1193,1265
1233,1346
1236,1464
1254,1192
1266,1462
1272,1409
1276,1231
1284,1264
1291,1148
1332,1449
1344,1139
1345,1321
1351,1310
1384,1357
1387,1269
1431,1427
1447,1467
1108,1126
1125,1183
1127,1216
1159,1259
1164,1224
1186,1226
1197,1238
1206,1386
1212,1115
1219,1457
1225,1340
1240,1468
1242,1403
1244,1239
1248,1110
1255,1214
1263,1306
1279,1196
1287,1398
1293,1399
1300,1271
1313,1288
1314,1439
1319,1170
1341,1105
1354,1175
1361,1424
1365,1360
1377,1442
1380,1290
1385,1371
1404,1188
1406,1174
1411,1106
1423,1318
1425,1113
1438,1257
1448,1130
1451,1381
1102,1363
1103,1141
1120,1281
1123,1275
1124,1243
1129,1461
1132,1185
1158,1456
1160,1332
1161,1305
1163,1207
1173,1200
1181,1155
1201,1307
1208,1104
1228,1277
1232,1283
1233,1373
1245,1444
1246,1280
1260,1356
1268,1353
1295,1472
1297,1460
1325,1296
1338,1393
1350,1348
1364,1169
1396,1153
1400,1395
1405,1138
1417,1112
1437,1177
1463,1162
1101,1410
1107,1262
1110,1221
1116,1279
1131,1248
1133,1434
1139,1166
1144,1214
1150,1330
1151,1459
1154,1441
1179,1229
1202,1440
1206,1382
1210,1199
1216,1127
1219,1347
1231,1336
1235,1329
1250,1119
1255,1299
1261,1401
1266,1371
1269,1247
1274,1439
1276,1321
1298,1137
1306,1263
1314,1130
1320,1191
1323,1301
1328,1452
1342,1149
1344,1462
1358,1465
1359,1273
1370,1372
1374,1378
1376,1435
1386,1182
1387,1203
1389,1265
1397,1196
1408,1409
1420,1312
1422,1190
1429,1361
1433,1172
1436,1392
1450,1428
1455,1416
1457,1367
1470,1249
1111,1117
1123,1296
1125,1122
1136,1467
1142,1471
1148,1254
1157,1114
1168,1413
1170,1226
1178,1227
1180,1241
1183,1404
1189,1456
1195,1184
1204,1419
1205,1421
1209,1418
1211,1258
1218,1169
1220,1158
1239,1252
1240,1244
1251,1466
1253,1415
1256,1349
1260,1356
1272,1187
1282,1176
1285,1225
1286,1186
1287,1369
1291,1192
1292,1267
1293,1399
1295,1377
1309,1223
1311,1270
1316,1146
1317,1379
1322,1230
1326,1278
1331,1303
1339,1334
1345,1234
1352,1454
1355,1315
1360,1337
1365,1140
1375,1407
1381,1340
1383,1357
1388,1362
1390,1425
1394,1368
1398,1188
1406,1174
1412,1443
1414,1167
1417,1143
1423,1318
1426,1402
1427,1198
1430,1152
1431,1194
1447,1384
1449,1160
1451,1294
1458,1304
1464,1453
1468,1391
1129,1201
1131,1159
1156,1460
1173,1348
1193,1351
1221,1250
1284,1145
1297,1236
1307,1363
1325,1138
1335,1217
1346,1265
1373,1310
1389,1264
1392,1306
1405,1103
1424,1161
1461,1102
1101,1249
1104,1124
1106,1126
1107,1312
1108,1380
1111,1114
1112,1113
1115,1290
1116,1452
1117,1157
1119,1248
1120,1328
1122,1399
1123,1444
1125,1404
1139,1207
1141,1296
1144,1219
1151,1154
1158,1318
1163,1177
1171,1162
1172,1247
1174,1241
1181,1257
1183,1398
1185,1275
1194,1427
1196,1329
1197,1105
1202,1273
1204,1418
1205,1347
1209,1419
1211,1339
1212,1238
1214,1149
1218,1364
1222,1416
1224,1300
1228,1321
1231,1268
1235,1281
1239,1146
1240,1251
1245,1132
1246,1242
1252,1316
1253,1413
1255,1457
1267,1412
1271,1164
1274,1210
1277,1276
1279,1243
1283,1191
1285,1186
1286,1225
1291,1384
1292,1443
1293,1287
1298,1110
1303,1282
1308,1213
1311,1223
1313,1354
1314,1301
1317,1256
1320,1229
1322,1394
1323,1438
1324,1227
1330,1150
1331,1176
1332,1333
1334,1140
1340,1319
1349,1379
1352,1453
1353,1304
1355,1295
1359,1441
1360,1258
1362,1365
1367,1299
1368,1230
1369,1188
1370,1358
1372,1465
1374,1396
1376,1401
1377,1315
1382,1386
1387,1182
1388,1337
1391,1184
1393,1448
1395,1261
1400,1397
1402,1426
1403,1280
1406,1180
1407,1375
1408,1455
1409,1378
1411,1341
1414,1142
1415,1168
1417,1390
1420,1127
1421,1342
1423,1220
1425,1143
1429,1305
1431,1198
1433,1350
1435,1208
1436,1263
1437,1385
1439,1199
1440,1190
1442,1472
1449,1428
1451,1170
1456,1189
1459,1422
1462,1166
1463,1343
1464,1454
1466,1244
1468,1195
1469,1152
1470,1410
1471,1167
1130,1338
1133,1232
1136,1254
1137,1259
1153,1187
1165,1135
1179,1260
1192,1148
1203,1200
1206,1269
1233,1389
1264,1265
1288,1175
1297,1156
1309,1270
1310,1284
1344,1266
1345,1326
1351,1145
1356,1434
1373,1346
1447,1383
1450,1160
1458,1278
1460,1236
1105,1126
1122,1188
1124,1452
1159,1248
1181,1323
1197,1106
1212,1108
1216,1263
1221,1131
1251,1244
1271,1288
1273,1459
1282,1442
1287,1399
1300,1313
1336,1234
1340,1294
1354,1224
1355,1315
1361,1307
1365,1334
1380,1238
1381,1319
1395,1328
1423,1180
1436,1107
1451,1186
1461,1161
1120,1104
1141,1132
1166,1163
1172,1382
1201,1363
1242,1235
1245,1275
1276,1304
1277,1268
1279,1261
1280,1376
1296,1444
1314,1257
1321,1353
1325,1123
1344,1385
1350,1182
1371,1207
1373,1145
1390,1143
1397,1401
1403,1400
1405,1185
1413,1415
1424,1305
1429,1102
1438,1130
1455,1409
1101,1152
1116,1208
1127,1392
1155,1199
1159,1137
1164,1175
1173,1433
1179,1232
1196,1281
1200,1348
1202,1154
1203,1247
1205,1219
1222,1408
1228,1458
1243,1329
1246,1435
1248,1110
1250,1298
1255,1421
1259,1119
1260,1229
1262,1263
1266,1437
1283,1356
1306,1216
1320,1133
1323,1274
1342,1144
1345,1278
1347,1149
1359,1151
1367,1214
1387,1206
1393,1301
1396,1187
1410,1249
1420,1107
1436,1312
1439,1210
1440,1422
1441,1190
1448,1338
1462,1139
1112,1417
1125,1398
1136,1384
1141,1444
1158,1456
1168,1142
1176,1315
1180,1174
1184,1244
1189,1423
1194,1256
1195,1146
1198,1379
1204,1375
1211,1360
1213,1370
1227,1352
1239,1466
1241,1318
1251,1468
1253,1167
1254,1357
1282,1472
1287,1399
1291,1467
1293,1122
1295,1303
1308,1465
1309,1394
1311,1230
1316,1240
1319,1170
1322,1223
1325,1185
1330,1267
1332,1160
1334,1337
1340,1294
1349,1427
1358,1469
1362,1140
1365,1258
1368,1270
1372,1430
1381,1225
1383,1192
1385,1207
1388,1339
1391,1252
1402,1111
1404,1369
1406,1220
1407,1209
1414,1364
1415,1218
1416,1378
1418,1114
1419,1117
1425,1113
1428,1333
1429,1363
1442,1331
1443,1150
1447,1148
1449,1143
1450,1390
1451,1285
1457,1299
1461,1129
1464,1237
1471,1169
1103,1275
1123,1405
1156,1453
1161,1361
1165,1343
1201,1305
1217,1135
1233,1145
1236,1454
1284,1193
1297,1324
1310,1264
1335,1162
1350,1382
1351,1373
1371,1166
1389,1346
1440,1441
1460,1178
1463,1171
1101,1410
1106,1212
1107,1216
1108,1115
1111,1426
1112,1425
1113,1417
1116,1280
1117,1418
1120,1208
1125,1399
1126,1341
1127,1263
1129,1363
1131,1250
1132,1296
1133,1191
1135,1171
1136,1291
1138,1141
1144,1367
1146,1391
1148,1192
1150,1267
1151,1273
1154,1359
1158,1189
1159,1110
1160,1333
1168,1167
1172,1203
1177,1462
1178,1297
1181,1314
1194,1379
1195,1252
1196,1279
1205,1299
1209,1375
1210,1155
1211,1140
1213,1465
1219,1421
1220,1241
1221,1119
1223,1368
1224,1271
1226,1285
1228,1231
1230,1309
1238,1290
1240,1239
1242,1124
1243,1395
1244,1468
1245,1185
1246,1104
1247,1206
1248,1137
1251,1184
1253,1142
1255,1149
1256,1198
1269,1348
1270,1322
1272,1416
1281,1401
1282,1442
1286,1451
1287,1122
1293,1188
1294,1319
1295,1176
1298,1259
1300,1164
1307,1102
1308,1370
1312,1392
1315,1303
1316,1466
1317,1427
1318,1406
1320,1179
1321,1304
1323,1301
1325,1444
1329,1328
1331,1472
1332,1428
1335,1165
1337,1334
1340,1170
1342,1347
1343,1162
1345,1276
1352,1237
1353,1277
1355,1377
1356,1229
1357,1383
1362,1339
1364,1471
1365,1360
1369,1183
1372,1469
1380,1105
1381,1186
1385,1139
1386,1200
1387,1173
1388,1258
1393,1257
1396,1409
1397,1376
1398,1404
1400,1235
1402,1157
1403,1452
1407,1204
1408,1187
1411,1197
1412,1292
1413,1218
1414,1169
1419,1114
1420,1306
1422,1202
1423,1456
1429,1424
1430,1358
1431,1349
1433,1182
1434,1232
1435,1261
1436,1262
1437,1163
1438,1274
1439,1338
1443,1330
1447,1254
1448,1199
1450,1143
1455,1374
1457,1214
1458,1336
1459,1190
1460,1324
1463,1217
1464,1227
1467,1384
1470,1152
1103,1275
1145,1264
1156,1454
1222,1153
1234,1278
1236,1453
1260,1283
1284,1346
1310,1233
1326,1268
1344,1207
1361,1305
1373,1193
1389,1265
1390,1449
1461,1201
1108,1290
1112,1113
1125,1122
1150,1198
1151,1273
1159,1221
1180,1241
1190,1202
1197,1341
1212,1105
1214,1342
1220,1423
1224,1175
1238,1115
1262,1216
1285,1381
1286,1226
1292,1427
1294,1319
1295,1377
1298,1248
1306,1392
1317,1431
1350,1206
1354,1300
1369,1188
1378,1396
1380,1106
1399,1183
1400,1242
1411,1126
1422,1441
1438,1181
1439,1338
1103,1296
1116,1120
1138,1185
1141,1123
1161,1305
1163,1266
1166,1139
1187,1409
1191,1232
1194,1330
1245,1132
1246,1376
1251,1252
1253,1168
1261,1401
1265,1284
1275,1444
1276,1336
1282,1472
1314,1155
1321,1231
1339,1362
1345,1228
1351,1264
1365,1388
1382,1200
1387,1247
1393,1130
1395,1329
1405,1325
1416,1455
1417,1390
1424,1102
1425,1334
1433,1348
1435,1281
1437,1385
1452,1235
1458,1277
1461,1429
1104,1279
1124,1243
1131,1119
1133,1260
1137,1110
1143,1333
1151,1441
1153,1378
1159,1250
1165,1162
1172,1386
1173,1182
1177,1207
1178,1352
1195,1466
1196,1208
1203,1269
1205,1144
1206,1350
1219,1342
1221,1259
1229,1434
1239,1184
1244,1146
1263,1107
1271,1175
1272,1408
1274,1210
1283,1179
1297,1454
1299,1149
1304,1278
1312,1306
1320,1356
1323,1257
1328,1403
1338,1199
1346,1193
1353,1326
1359,1459
1361,1363
1371,1462
1374,1222
1391,1240
1392,1262
1397,1280
1420,1216
1421,1214
1436,1127
1448,1301
1457,1347
1460,1453
1463,1217
1464,1324
1468,1316
1111,1204
1112,1450
1122,1369
1125,1287
1136,1357
1140,1258
1148,1467
1169,1142
1174,1318
1181,1155
1186,1451
1188,1404
1189,1241
1198,1267
1209,1157
1211,1334
1213,1430
1220,1180
1223,1322
1226,1225
1227,1156
1232,1191
1234,1268
1236,1237
1253,1218
1254,1383
1255,1367
1256,1150
1276,1345
1286,1340
1292,1330
1293,1398
1294,1170
1295,1442
1308,1469
1309,1394
1311,1230
1315,1472
1319,1285
1325,1141
1332,1390
1355,1176
1362,1337
1364,1167
1368,1270
1370,1410
1372,1152
1375,1114
1377,1303
1384,1192
1388,1360
1399,1183
1402,1418
1406,1456
1407,1117
1412,1379
1414,1415
1419,1426
1422,1154
1440,1273
1443,1194
1447,1291
1449,1113
1465,1249
1129,1424
1161,1201
1245,1103
1284,1264
1297,1453
1305,1429
1324,1352
1351,1389
1373,1233
1382,1387
1454,1460
1462,1163
1464,1178
1101,1470
1104,1116
1105,1290
1112,1449
1113,1450
1114,1407
1115,1106
1120,1401
1122,1398
1124,1400
1125,1369
1126,1108
1131,1110
1133,1179
1135,1165
1138,1123
1139,1266
1140,1337
1143,1332
1144,1219
1146,1240
1151,1202
1154,1440
1156,1237
1157,1204
1159,1259
1160,1428
1166,1207
1169,1167
1173,1203
1180,1318
1181,1130
1183,1404
1186,1226
1188,1399
1192,1357
1193,1310
1195,1391
1200,1182
1205,1149
1209,1111
1211,1388
1216,1312
1218,1168
1220,1174
1221,1137
1224,1175
1225,1451
1232,1229
1236,1227
1238,1197
1239,1251
1241,1456
1242,1328
1243,1235
1246,1196
1248,1250
1252,1184
1254,1136
1261,1280
1262,1420
1265,1145
1269,1386
1270,1322
1272,1222
1274,1448
1275,1132
1277,1231
1278,1336
1281,1279
1283,1434
1285,1340
1286,1319
1291,1384
1293,1287
1295,1472
1298,1119
1299,1255
1300,1288
1306,1127
1309,1230
1311,1394
1313,1271
1314,1199
1316,1244
1317,1349
1323,1155
1325,1185
1326,1276
1329,1452
1331,1282
1335,1217
1338,1301
1339,1258
1341,1380
1343,1171
1344,1177
1347,1214
1348,1172
1350,1247
1353,1458
1354,1164
1355,1303
1356,1191
1358,1152
1359,1190
1360,1334
1361,1102
1362,1365
1364,1142
1368,1223
1370,1249
1374,1187
1375,1117
1376,1208
1377,1176
1381,1170
1383,1148
1390,1333
1397,1435
1402,1419
1403,1395
1405,1296
1406,1189
1408,1396
1409,1153
1411,1212
1421,1367
1423,1158
1425,1417
1426,1418
1430,1308
1433,1206
1436,1107
1437,1371
1438,1210
1439,1393
1442,1315
1443,1427
1444,1141
1455,1378
1457,1342
1459,1441
1461,1363
1463,1162
1465,1410
1467,1447
1468,1466
1469,1213
1471,1415
1161,1129
1163,1385
1228,1321
1233,1284
1234,1304
1260,1320
1264,1346
1267,1431
1273,1422
1292,1150
1297,1460
1324,1178
1330,1412
1345,1268
1352,1464
1373,1351
1392,1263
1454,1453
1105,1115
1108,1197
1110,1221
1122,1183
1158,1180
1159,1248
1166,1207
1172,1182
1173,1348
1174,1241
1193,1145
1216,1436
1224,1271
1227,1237
1236,1156
1238,1126
1242,1329
1243,1452
1250,1137
1265,1310
1288,1354
1290,1106
1294,1381
1300,1164
1306,1420
1313,1175
1332,1450
1341,1212
1380,1411
1382,1387
1416,1409
1423,1456
1439,1438
1443,1379
1116,1281
1138,1132
1139,1177
1160,1333
1181,1448
1185,1141
1199,1155
1220,1189
1233,1389
1235,1395
1245,1405
1255,1219
1272,1153
1283,1232
1296,1123
1301,1210
1305,1363
1307,1461
1316,1251
1320,1229
1325,1275
1326,1278
1336,1277
1356,1133
1361,1429
1376,1279
1397,1246
1400,1328
1401,1196
1408,1378
1414,1471
1433,1200
1437,1344
1444,1103
1458,1231
1467,1357
1104,1280
1107,1127
1120,1435
1129,1102
1131,1221
1159,1119
1163,1371
1179,1191
1184,1466
1195,1244
1202,1441
1203,1182
1206,1386
1211,1337
1213,1465
1214,1299
1216,1263
1239,1391
1240,1252
1248,1259
1260,1434
1261,1208
1264,1193
1266,1207
1273,1190
1274,1257
1287,1404
1298,1110
1308,1469
1312,1262
1323,1130
1338,1314
1345,1321
1347,1144
1353,1228
1367,1342
1370,1410
1372,1152
1382,1269
1385,1462
1387,1247
1396,1374
1403,1124
1420,1392
1421,1149
1424,1201
1430,1470
1436,1306
1457,1205
1459,1154
1468,1146
1112,1333
1113,1332
1125,1183
1136,1148
1138,1185
1153,1455
1160,1143
1161,1307
1166,1177
1168,1364
1174,1189
1180,1456
1186,1286
1187,1378
1209,1204
1218,1471
1222,1416
1225,1285
1226,1294
1237,1352
1241,1158
1253,1169
1254,1384
1255,1219
1267,1330
1276,1234
1282,1315
1292,1198
1293,1122
1295,1331
1296,1103
1303,1176
1305,1363
1311,1270
1317,1194
1322,1230
1336,1278
1339,1360
1340,1319
1355,1442
1358,1101
1359,1440
1365,1258
1368,1394
1375,1157
1377,1472
1383,1291
1388,1362
1398,1188
1399,1369
1402,1117
1406,1423
1407,1111
1412,1349
1415,1167
1417,1450
1418,1419
1422,1151
1425,1449
1426,1114
1427,1379
1428,1390
1431,1256
1443,1150
1447,1357
1451,1170
1464,1227
1467,1192
1156,1454
1171,1165
1178,1297
1217,1162
1236,1453
1245,1325
1265,1373
1268,1304
1280,1281
1284,1351
1343,1135
1385,1139
1389,1193
1433,1350
1460,1324
1463,1335
1103,1185
1105,1126
1107,1306
1108,1238
1110,1119
1111,1375
1112,1332
1113,1333
1116,1397
1117,1426
1123,1132
1124,1395
1125,1188
1127,1262
1129,1429
1133,1229
1136,1192
1137,1248
1138,1444
1144,1299
1146,1184
1150,1267
1157,1407
1159,1131
1160,1390
1163,1462
1168,1169
1170,1226
1171,1162
1172,1387
1173,1386
1174,1456
1179,1260
1180,1189
1181,1199
1190,1154
1196,1120
1197,1106
1198,1349
1202,1459
1203,1348
1205,1342
1209,1204
1210,1338
1211,1365
1212,1380
1217,1165
1220,1318
1221,1298
1224,1288
1225,1186
1227,1352
1228,1277
1230,1368
1234,1326
1235,1328
1239,1244
1242,1452
1246,1104
1251,1391
1252,1466
1254,1291
1255,1214
1256,1427
1257,1155
1269,1247
1275,1296
1278,1321
1279,1208
1282,1295
1286,1381
1292,1194
1293,1404
1294,1451
1300,1175
1308,1213
1309,1270
1310,1145
1311,1223
1313,1164
1314,1439
1316,1195
1317,1412
1329,1243
1331,1315
1334,1258
1335,1135
1339,1337
1341,1115
1343,1463
1347,1219
1354,1271
1355,1472
1356,1232
1358,1410
1359,1422
1361,1201
1364,1253
1367,1149
1369,1287
1370,1465
1371,1177
1372,1249
1376,1261
1377,1442
1382,1182
1383,1384
1388,1140
1392,1216
1393,1130
1394,1322
1398,1183
1399,1122
1402,1114
1403,1400
1405,1141
1406,1158
1409,1378
1411,1290
1413,1167
1414,1218
1415,1142
1417,1449
1418,1419
1423,1241
1424,1161
1428,1143
1431,1379
1434,1191
1435,1401
1436,1420
1437,1207
1438,1274
1440,1151
1441,1273
1443,1330
1447,1148
1448,1323
1457,1421
1461,1102
1464,1237
1467,1357
1469,1430
1470,1152
1156,1453
1166,1266
1178,1460
1200,1206
1216,1392
1222,1455
1233,1193
1236,1454
1240,1468
1259,1250
1263,1312
1264,1351
1265,1346
1280,1281
1297,1324
1320,1283
1344,1139
1345,1353
1363,1307
1373,1389
1374,1272
1396,1153
1416,1187
1425,1450
1458,1276
1105,1197
1106,1126
1124,1329
1130,1199
1159,1110
1164,1224
1179,1232
1188,1183
1248,1221
1251,1146
1260,1229
1267,1379
1268,1336
1271,1300
1288,1313
1292,1431
1294,1226
1308,1370
1314,1257
1326,1231
1341,1290
1354,1175
1359,1154
1362,1334
1381,1319
1393,1210
1395,1452
1411,1115
1417,1113
1434,1191
1103,1132
1104,1435
1116,1196
1129,1361
1138,1275
1158,1318
1163,1437
1167,1142
1185,1296
1201,1102
1234,1277
1242,1243
1245,1123
1274,1338
1284,1373
1321,1304
1325,1141
1350,1203
1382,1348
1387,1386
1397,1281
1401,1208
1403,1328
1405,1444
1424,1305
1429,1307
1463,1171
1472,1315
1107,1263
1111,1114
1119,1137
1120,1279
1130,1301
1131,1248
1146,1466
1151,1190
1154,1273
1155,1448
1157,1117
1159,1221
1161,1461
1166,1385
1172,1182
1173,1269
1179,1434
1181,1438
1187,1378
1195,1251
1200,1247
1205,1421
1209,1419
1213,1152
1214,1144
1219,1299
1222,1408
1235,1452
1239,1316
1240,1184
1244,1391
1246,1261
1250,1110
1255,1347
1260,1191
1262,1392
1276,1353
1283,1133
1298,1259
1306,1312
1320,1232
1323,1393
1342,1149
1344,1462
1356,1229
1359,1202
1371,1139
1374,1409
1376,1280
1400,1395
1402,1375
1406,1241
1407,1426
1416,1153
1418,1204
1420,1216
1422,1441
1433,1206
1436,1127
1439,1210
1450,1449
1458,1278
1459,1440
1468,1252
1101,1249
1112,1428
1113,1160
1122,1188
1136,1383
1138,1296
1140,1258
1141,1275
1150,1198
1158,1174
1168,1414
1170,1225
1176,1472
1177,1207
1178,1156
1186,1294
1189,1220
1192,1447
1211,1362
1218,1142
1223,1230
1226,1319
1227,1453
1231,1268
1236,1324
1253,1471
1254,1467
1256,1349
1272,1396
1282,1377
1287,1183
1292,1267
1293,1125
1297,1352
1311,1322
1317,1379
1318,1456
1326,1228
1330,1194
1332,1417
1339,1334
1340,1451
1355,1331
1357,1291
1364,1413
1365,1337
1368,1309
1369,1404
1372,1358
1373,1346
1381,1285
1384,1148
1388,1360
1394,1270
1398,1399
1412,1427
1415,1169
1423,1180
1425,1333
1430,1370
1442,1303
1454,1237
1457,1367
1460,1464
1465,1469
1470,1410
1103,1325
1117,1111
1157,1114
1204,1419
1209,1418
1233,1145
1234,1304
1265,1264
1336,1321
1343,1217
1350,1387
1351,1310
1361,1363
1375,1426
1389,1284
1402,1407
1104,1376
1105,1106
1108,1341
1110,1259
1113,1428
1115,1290
1116,1246
1119,1221
1122,1183
1123,1185
1124,1242
1125,1398
1126,1380
1129,1424
1133,1434
1135,1162
1136,1447
1137,1131
1138,1296
1140,1337
1143,1390
1151,1359
1152,1308
1155,1130
1159,1298
1160,1112
1161,1429
1165,1463
1170,1186
1171,1335
1172,1200
1176,1442
1179,1356
1180,1158
1181,1393
1184,1468
1187,1409
1188,1287
1189,1318
1194,1150
1195,1239
1196,1208
1197,1212
1199,1438
1202,1154
1213,1358
1216,1312
1218,1167
1219,1214
1220,1456
1224,1300
1227,1454
1229,1232
1230,1270
1235,1243
1236,1178
1240,1466
1245,1141
1247,1173
1250,1248
1251,1244
1252,1146
1254,1192
1255,1144
1258,1334
1261,1281
1266,1139
1271,1164
1277,1345
1280,1435
1283,1191
1288,1175
1291,1148
1292,1443
1293,1369
1294,1225
1295,1315
1297,1464
1306,1127
1307,1102
1313,1354
1314,1301
1316,1391
1317,1256
1320,1260
1322,1309
1323,1210
1324,1156
1328,1329
1330,1198
1340,1226
1344,1166
1347,1299
1348,1182
1349,1379
1355,1282
1357,1384
1362,1360
1364,1415
1365,1339
1367,1205
1368,1311
1370,1469
1371,1462
1372,1101
1377,1331
1378,1153
1382,1386
1388,1211
1392,1107
1394,1223
1395,1403
1397,1120
1399,1404
1400,1452
1401,1279
1405,1275
1406,1241
1411,1238
1412,1431
1413,1169
1414,1253
1417,1333
1420,1263
1421,1342
1423,1174
1425,1332
1430,1465
1433,1269
1436,1262
1439,1274
1441,1440
1444,1132
1448,1257
1449,1450
1451,1319
1453,1237
1457,1149
1458,1353
1459,1273
1460,1352
1461,1305
1467,1383
1470,1249
1471,1168
1472,1303
1145,1346
1163,1207
1177,1385
1190,1422
1193,1264
1206,1203
1222,1374
1228,1276
1231,1278
1233,1351
1268,1326
1272,1455
1285,1286
1304,1336
1343,1217
1373,1284
1389,1310
1396,1408
1108,1411
1124,1400
1126,1212
1148,1192
1164,1175
1200,1269
1201,1307
1220,1158
1224,1354
1234,1321
1238,1341
1288,1271
1313,1300
1314,1393
1361,1461
1380,1197
1403,1243
1417,1449
1450,1333
1102,1363
1103,1123
1110,1221
1112,1425
1129,1305
1132,1325
1137,1248
1146,1391
1173,1350
1178,1453
1181,1338
1195,1466
1196,1435
1216,1107
1222,1153
1227,1454
1244,1184
1245,1296
1246,1279
1252,1316
1275,1141
1276,1277
1286,1381
1304,1326
1306,1262
1324,1237
1328,1452
1352,1464
1364,1169
1376,1281
1389,1264
1392,1312
1395,1242
1397,1208
1405,1138
1420,1127
1433,1382
1436,1263
1437,1344
1439,1257
1444,1185
1458,1345
1116,1261
1120,1280
1136,1148
1144,1342
1149,1421
1150,1292
1155,1210
1166,1163
1172,1206
1177,1266
1199,1323
1203,1182
1219,1214
1247,1386
1254,1357
1256,1330
1268,1278
1269,1200
1274,1130
1291,1383
1299,1347
1309,1223
1311,1394
1329,1235
1353,1231
1371,1207
1372,1308
1385,1462
1387,1348
1398,1188
1399,1122
1401,1104
1410,1249
1412,1379
1424,1461
1443,1267
1447,1384
1448,1301
1455,1409
1465,1152
1101,1469
1105,1212
1106,1380
1108,1290
1112,1390
1113,1143
1114,1375
1117,1419
1131,1259
1142,1414
1145,1265
1156,1352
1159,1137
1186,1319
1193,1351
1194,1198
1204,1157
1213,1430
1222,1396
1228,1336
1229,1232
1234,1276
1236,1227
1238,1115
1239,1146
1240,1244
1242,1395
1250,1119
1251,1252
1253,1413
1258,1334
1262,1216
1264,1233
1271,1175
1272,1378
1284,1346
1286,1170
1287,1399
1288,1164
1294,1285
1297,1178
1298,1110
1300,1354
1310,1373
1313,1224
1317,1427
1326,1277
1340,1225
1358,1470
1360,1337
1361,1201
1364,1218
1369,1398
1374,1153
1381,1226
1408,1416
1415,1168
1418,1426
1431,1349
1434,1191
1449,1332
1450,1333
1460,1324
1468,1195
1471,1167
1103,1141
1123,1444
1140,1258
1154,1190
1179,1356
1205,1144
1245,1138
1255,1299
1260,1133
1273,1441
1275,1185
1283,1434
1287,1125
1293,1369
1296,1325
1320,1229
1339,1360
1367,1149
1382,1350
1405,1132
1429,1363
1457,1219
1101,1470
1106,1212
1108,1115
1111,1204
1112,1143
1113,1390
1120,1376
1124,1235
1136,1291
1142,1471
1145,1373
1150,1379
1151,1154
1155,1439
1160,1428
1161,1129
1163,1177
1165,1162
1168,1413
1170,1285
1171,1217
1173,1172
1179,1283
1186,1340
1194,1198
1197,1126
1199,1301
1200,1203
1202,1273
1209,1117
1210,1130
1213,1469
1218,1169
1223,1270
1225,1319
1233,1346
1238,1290
1239,1240
1242,1400
1246,1196
1247,1182
1253,1415
1255,1367
1260,1320
1261,1104
1266,1385
1269,1206
1274,1393
1281,1208
1286,1294
1293,1287
1295,1176
1307,1424
1308,1430
1310,1265
1311,1309
1314,1181
1318,1456
1323,1338
1328,1243
1329,1403
1330,1292
1343,1335
1345,1231
1351,1284
1355,1303
1359,1422
1361,1305
1362,1140
1365,1339
1368,1322
1370,1152
1371,1166
1372,1410
1380,1105
1381,1451
1386,1348
1387,1433
1389,1193
1394,1230
1397,1116
1401,1280
1407,1114
1411,1341
1412,1256
1414,1167
1417,1425
1418,1402
1427,1349
1431,1317
1435,1279
1437,1139
1438,1257
1443,1267
1447,1254
1449,1333
1450,1332
1452,1395
1455,1187
1457,1205
1459,1440
1461,1201
1462,1207
1463,1135
1465,1249
1468,1251
1127,1306
1151,1459
1158,1220
1159,1250
1174,1180
1202,1359
1209,1111
1216,1107
1228,1234
1255,1457
1260,1179
1272,1222
1276,1326
1277,1268
1298,1131
1304,1458
1321,1278
1331,1442
1353,1336
1374,1408
1377,1282
1396,1378
1406,1318
1409,1416
1418,1407
1420,1262
1423,1189
1436,1312
1151,1202
1174,1406
1209,1418
1211,1362
1295,1331
1297,1236
1355,1377
1388,1365
1423,1158
1460,1156
1130,1338
1136,1447
1155,1301
1167,1169
1174,1423
1193,1145
1211,1388
1257,1210
1267,1198
1346,1265
1351,1264
1355,1295
1379,1427
1413,1142
1430,1152
1460,1297
1465,1410
1468,1239
1101,1430
1108,1341
1130,1448
1139,1462
1159,1298
1164,1224
1170,1225
1186,1319
1194,1379
1201,1363
1223,1230
1247,1386
1256,1267
1270,1322
1281,1279
1305,1307
1313,1175
1321,1304
1332,1333
1336,1278
1340,1226
1348,1182
1349,1150
1351,1233
1358,1465
1371,1207
1385,1177
1389,1193
1390,1113
1393,1199
1411,1238
1420,1216
1429,1102
1431,1330
1435,1208
1436,1127
1438,1257
1439,1155
1449,1428
1450,1143
1452,1243
1101,1372
1103,1138
1105,1197
1112,1390
1129,1305
1153,1187
1160,1332
1161,1429
1163,1371
1166,1266
1168,1413
1181,1393
1200,1206
1212,1380
1213,1358
1218,1415
1231,1276
1234,1321
1242,1452
1245,1275
1253,1167
1256,1443
1261,1281
1269,1203
1274,1130
1277,1268
1280,1376
1284,1310
1286,1170
1288,1354
1292,1431
1294,1186
1300,1271
1309,1270
1314,1438
1317,1349
1325,1123
1328,1124
1336,1326
1340,1381
1344,1139
1346,1373
1350,1348
1361,1201
1364,1414
1387,1247
1394,1223
1395,1400
1401,1196
1403,1235
1405,1141
1409,1455
1412,1194
1416,1378
1417,1450
1425,1449
1435,1104
1437,1385
1439,1323
1451,1285
1461,1424
1101,1370
1103,1405
1108,1105
1112,1160
1116,1261
1129,1461
1164,1300
1166,1344
1168,1218
1172,1200
1173,1269
1181,1274
1222,1153
1231,1228
1234,1353
1242,1395
1245,1325
1246,1435
1253,1364
1256,1317
1272,1416
1277,1458
1284,1351
1286,1451
1294,1340
1308,1213
1313,1288
1345,1336
1350,1433
1361,1161
1368,1309
1374,1409
1387,1382
1389,1346
1394,1311
1397,1280
1401,1120
1403,1328
1408,1396
1411,1212
1412,1292
1417,1425
1437,1163
1439,1314
1103,1245
1112,1417
1129,1361
1168,1253
1172,1387
1222,1408
1234,1231
1242,1403
1272,1374
1286,1294
1308,1101
1313,1164
1343,1165
1345,1277
1350,1173
1389,1284
1394,1368
1397,1246
1401,1116
1411,1108
1412,1256
1436,1420
1437,1166
1439,1181
1463,1335
1222,1272
1234,1345
1350,1172
1397,1401
1463,1343
