Winner,Loser
1101,1329
1103,1355
1104,1287
1112,1288
1114,1402
1116,1108
1125,1209
1130,1193
1132,1152
1133,1412
1139,1185
1140,1223
1143,1472
1144,1298
1150,1263
1153,1227
1155,1457
1158,1233
1159,1135
1160,1406
1161,1256
1163,1319
1165,1250
1167,1381
1173,1188
1174,1137
1181,1171
1182,1156
1191,1275
1192,1138
1196,1259
1200,1447
1203,1476
1206,1284
1210,1204
1213,1369
1222,1419
1224,1214
1228,1183
1235,1453
1241,1277
1242,1300
1246,1308
1257,1420
1261,1290
1264,1136
1265,1119
1266,1296
1267,1474
1270,1433
1272,1238
1274,1312
1278,1126
1279,1106
1281,1115
1292,1297
1295,1444
1301,1154
1304,1473
1307,1411
1314,1347
1318,1131
1321,1127
1323,1310
1326,1324
1328,1141
1332,1208
1336,1175
1338,1299
1339,1253
1340,1102
1343,1353
1344,1162
1345,1359
1348,1148
1350,1440
1358,1334
1361,1168
1371,1389
1373,1221
1376,1367
1382,1255
1386,1248
1387,1475
1390,1169
1393,1306
1395,1380
1396,1271
1397,1399
1400,1230
1401,1477
1405,1178
1408,1311
1409,1146
1416,1198
1417,1384
1418,1464
1425,1243
1426,1331
1427,1442
1428,1186
1436,1467
1437,1110
1438,1470
1439,1164
1448,1189
1449,1468
1450,1225
1452,1283
1455,1252
1458,1117
1462,1352
1471,1176
1124,1120
1166,1197
1207,1478
1231,1195
1234,1315
1236,1177
1247,1180
1268,1291
1269,1107
1276,1421
1305,1170
1317,1320
1342,1435
1363,1414
1385,1392
1179,1252
1194,1260
1280,1113
1325,1407
1335,1137
1360,1238
1365,1469
1370,1341
1374,1442
1380,1424
1393,1145
1403,1477
1169,1225
1176,1142
1189,1190
1210,1224
1235,1473
1241,1245
1273,1152
1277,1475
1292,1372
1304,1197
1316,1149
1340,1364
1348,1193
1362,1384
1374,1249
1378,1354
1388,1307
1395,1303
1406,1164
1408,1322
1413,1337
1425,1167
1430,1358
1449,1297
1455,1443
1456,1110
1466,1105
1470,1198
1476,1119
1102,1254
1103,1379
1104,1232
1112,1181
1116,1205
1120,1368
1130,1154
1139,1369
1140,1361
1151,1257
1153,1178
1155,1412
1160,1212
1161,1460
1172,1268
1182,1158
1199,1244
1202,1125
1206,1122
1208,1448
1211,1463
1217,1349
1227,1114
1228,1324
1233,1357
1234,1106
1237,1434
1242,1264
1243,1468
1246,1477
1251,1150
1262,1171
1266,1351
1272,1281
1274,1416
1276,1464
1278,1427
1279,1186
1284,1452
1293,1399
1301,1101
1311,1261
1321,1173
1328,1290
1332,1285
1333,1407
1334,1143
1336,1250
1338,1127
1343,1220
1345,1287
1346,1148
1347,1267
1353,1131
1356,1474
1376,1439
1377,1410
1386,1335
1390,1170
1396,1298
1397,1458
1400,1175
1401,1326
1417,1248
1422,1299
1428,1415
1433,1359
1435,1367
1437,1478
1438,1196
1450,1341
1462,1239
1465,1238
1472,1226
1107,1162
1113,1411
1123,1330
1132,1117
1133,1429
1137,1310
1145,1382
1156,1325
1163,1476
1165,1200
1166,1295
1180,1457
1185,1204
1187,1144
1203,1456
1209,1444
1221,1207
1222,1394
1245,1201
1247,1318
1253,1177
1259,1135
1260,1183
1265,1420
1280,1404
1291,1164
1296,1111
1317,1303
1344,1454
1350,1373
1365,1384
1370,1286
1371,1192
1375,1138
1387,1229
1389,1312
1402,1275
1405,1418
1409,1230
1414,1308
1419,1141
1423,1421
1424,1391
1441,1323
1459,1219
1461,1142
1469,1240
1471,1360
1124,1205
1129,1362
1152,1475
1153,1186
1155,1172
1174,1102
1208,1300
1213,1319
1231,1119
1235,1226
1236,1477
1241,1224
1285,1413
1305,1449
1314,1250
1315,1189
1329,1358
1337,1248
1339,1415
1353,1136
1403,1363
1406,1352
1412,1268
1451,1388
1463,1258
1467,1263
1110,1373
1112,1380
1115,1146
1116,1330
1139,1190
1143,1167
1182,1392
1193,1291
1199,1141
1222,1391
1243,1355
1269,1346
1274,1198
1276,1385
1281,1188
1283,1331
1304,1351
1313,1214
1335,1437
1337,1254
1338,1195
1342,1154
1345,1462
1354,1316
1372,1322
1376,1440
1431,1364
1441,1292
1104,1375
1117,1108
1124,1282
1133,1470
1151,1468
1160,1454
1161,1294
1163,1290
1166,1234
1169,1152
1177,1377
1181,1277
1194,1185
1196,1197
1203,1220
1217,1318
1224,1131
1227,1260
1232,1237
1239,1204
1242,1246
1247,1137
1249,1427
1252,1399
1258,1238
1262,1210
1266,1228
1279,1178
1280,1466
1287,1273
1306,1135
1321,1444
1324,1132
1328,1402
1333,1111
1336,1384
1341,1101
1344,1458
1348,1447
1357,1221
1361,1253
1365,1390
1386,1476
1393,1159
1395,1410
1396,1180
1397,1459
1401,1374
1405,1460
1413,1295
1414,1425
1429,1381
1434,1453
1435,1422
1438,1299
1443,1293
1452,1240
1474,1219
1127,1259
1130,1350
1140,1368
1141,1378
1150,1430
1156,1145
1174,1175
1176,1311
1191,1369
1192,1389
1198,1223
1201,1288
1206,1165
1229,1183
1255,1271
1257,1164
1304,1392
1305,1334
1319,1370
1326,1467
1343,1182
1353,1207
1367,1187
1371,1107
1398,1339
1400,1349
1417,1254
1433,1347
1439,1144
1102,1473
1110,1312
1113,1262
1120,1323
1131,1136
1173,1261
1188,1176
1218,1310
1222,1406
1231,1460
1251,1202
1256,1419
1263,1322
1281,1278
1286,1143
1295,1285
1303,1456
1307,1426
1311,1375
1342,1316
1356,1152
1382,1329
1385,1317
1387,1461
1403,1394
1409,1238
1412,1108
1416,1168
1428,1448
1436,1158
1438,1411
1455,1157
1101,1363
1102,1456
1104,1273
1112,1125
1120,1382
1142,1472
1161,1282
1173,1385
1175,1212
1180,1193
1181,1137
1182,1351
1188,1311
1189,1237
1190,1172
1196,1199
1200,1313
1202,1157
1205,1451
1213,1362
1217,1269
1222,1428
1228,1434
1234,1117
1236,1319
1241,1347
1243,1344
1245,1214
1246,1476
1251,1455
1253,1276
1261,1317
1263,1342
1272,1106
1274,1208
1275,1164
1277,1139
1279,1358
1283,1195
1296,1209
1301,1149
1314,1415
1316,1322
1323,1329
1328,1410
1332,1398
1336,1287
1338,1239
1340,1465
1346,1119
1359,1354
1360,1478
1361,1388
1375,1176
1376,1177
1377,1440
1390,1186
1395,1290
1401,1331
1402,1427
1404,1184
1408,1170
1420,1357
1422,1116
1424,1337
1431,1122
1435,1146
1436,1387
1437,1268
1442,1380
1448,1406
1449,1462
1457,1221
1458,1352
1461,1158
1463,1159
1464,1469
1468,1132
1473,1303
1477,1386
1127,1265
1130,1217
1136,1194
1140,1288
1159,1205
1162,1396
1166,1411
1183,1164
1185,1156
1189,1221
1191,1123
1203,1306
1207,1291
1214,1195
1230,1115
1236,1377
1247,1475
1252,1105
1255,1300
1260,1309
1271,1335
1278,1367
1280,1450
1296,1114
1304,1333
1305,1339
1308,1294
1316,1263
1319,1440
1321,1348
1325,1178
1334,1249
1340,1142
1342,1322
1343,1284
1353,1224
1357,1259
1363,1313
1365,1368
1371,1447
1433,1370
1441,1270
1451,1463
1457,1237
1465,1472
1466,1240
1471,1298
1474,1193
1101,1200
1102,1303
1103,1198
1112,1426
1150,1206
1151,1399
1153,1297
1155,1129
1158,1157
1159,1451
1163,1231
1165,1168
1179,1324
1180,1474
1207,1110
1209,1114
1221,1237
1222,1173
1228,1380
1235,1212
1238,1281
1244,1204
1251,1436
1261,1448
1264,1148
1274,1243
1275,1183
1277,1108
1280,1321
1283,1245
1317,1406
1318,1187
1326,1444
1341,1404
1344,1208
1346,1107
1361,1449
1362,1177
1364,1478
1372,1258
1375,1188
1376,1213
1378,1320
1385,1428
1400,1257
1416,1355
1420,1259
1425,1135
1429,1267
1430,1379
1439,1459
1450,1348
1455,1387
1457,1189
1461,1202
1462,1388
1463,1205
1465,1142
1472,1340
1473,1456
1126,1149
1133,1408
1136,1224
1137,1475
1141,1373
1154,1226
1160,1350
1163,1400
1165,1430
1167,1170
1168,1379
1187,1204
1199,1424
1206,1355
1219,1233
1220,1138
1229,1253
1231,1257
1244,1318
1245,1200
1246,1386
1262,1389
1266,1417
1267,1198
1283,1101
1287,1468
1300,1144
1312,1175
1313,1195
1315,1334
1324,1258
1329,1309
1332,1197
1345,1211
1358,1407
1360,1298
1363,1214
1365,1290
1369,1146
1372,1179
1374,1452
1391,1454
1392,1351
1397,1393
1409,1354
1416,1150
1423,1293
1427,1223
1429,1103
1431,1143
1453,1286
1458,1438
1460,1418
1470,1122
1477,1476
1107,1119
1111,1423
1120,1105
1123,1367
1154,1300
1162,1254
1172,1131
1179,1103
1181,1247
1185,1178
1187,1244
1199,1160
1201,1308
1211,1393
1218,1319
1219,1229
1220,1460
1226,1144
1232,1349
1241,1356
1253,1233
1256,1381
1258,1198
1266,1242
1268,1420
1270,1402
1278,1115
1284,1250
1294,1152
1306,1265
1307,1405
1318,1204
1324,1267
1331,1411
1341,1184
1345,1397
1347,1288
1350,1424
1357,1127
1391,1141
1395,1108
1412,1292
1414,1337
1415,1453
1418,1138
1429,1372
1434,1442
1454,1373
1478,1169
1102,1440
1110,1291
1111,1293
1116,1390
1122,1170
1124,1333
1133,1431
1144,1154
1152,1288
1153,1210
1156,1190
1161,1130
1166,1260
1196,1338
1209,1114
1211,1417
1217,1159
1220,1219
1230,1240
1232,1337
1233,1138
1241,1201
1242,1397
1243,1146
1256,1270
1263,1378
1269,1148
1272,1276
1279,1396
1281,1354
1286,1415
1297,1394
1304,1182
1307,1349
1314,1320
1323,1271
1343,1330
1345,1266
1347,1294
1355,1379
1356,1308
1358,1212
1359,1106
1362,1236
1370,1225
1381,1402
1382,1137
1399,1342
1404,1466
1408,1143
1414,1405
1418,1253
1426,1108
1437,1403
1438,1452
1458,1374
1460,1229
1467,1299
1470,1167
1474,1192
1112,1277
1140,1113
1161,1166
1194,1139
1235,1433
1260,1130
1272,1116
1276,1390
1301,1435
1328,1234
1401,1336
1403,1320
1425,1371
1437,1314
1439,1129
1106,1299
1113,1435
1123,1115
1124,1196
1129,1433
1139,1336
1140,1301
1145,1459
1155,1108
1163,1264
1169,1290
1173,1464
1174,1135
1181,1475
1190,1105
1191,1151
1194,1401
1203,1325
1208,1457
1218,1410
1222,1285
1225,1471
1227,1292
1228,1442
1232,1405
1234,1371
1239,1352
1240,1427
1246,1267
1249,1126
1252,1421
1254,1394
1255,1175
1261,1316
1273,1398
1280,1311
1284,1125
1306,1193
1307,1337
1314,1116
1320,1390
1326,1104
1328,1425
1329,1223
1334,1478
1335,1248
1338,1333
1344,1250
1359,1467
1360,1117
1365,1332
1388,1172
1403,1276
1407,1212
1414,1349
1422,1282
1437,1272
1439,1235
1443,1132
1444,1368
1448,1149
1450,1469
1462,1136
1104,1332
1106,1467
1114,1409
1117,1410
1125,1335
1127,1119
1132,1252
1133,1436
1135,1282
1145,1443
1150,1209
1156,1105
1162,1263
1175,1126
1179,1411
1185,1146
1188,1178
1191,1369
1206,1187
1207,1238
1213,1295
1218,1360
1224,1291
1227,1203
1239,1192
1251,1271
1255,1249
1258,1431
1265,1137
1268,1375
1281,1259
1283,1354
1284,1248
1296,1177
1297,1254
1310,1384
1315,1309
1325,1292
1326,1365
1343,1318
1350,1474
1359,1299
1361,1143
1379,1454
1382,1275
1385,1221
1387,1171
1398,1368
1402,1426
1404,1152
1412,1202
1421,1459
1422,1174
1423,1195
1427,1230
1434,1380
1444,1273
1447,1312
1453,1472
1455,1313
1456,1420
1102,1377
1107,1373
1111,1122
1125,1248
1132,1145
1139,1129
1151,1369
1158,1245
1160,1233
1170,1413
1176,1477
1194,1439
1198,1244
1203,1174
1231,1217
1240,1230
1247,1164
1249,1175
1252,1459
1253,1286
1255,1126
1257,1308
1292,1282
1300,1157
1304,1168
1309,1146
1315,1185
1325,1135
1330,1180
1334,1290
1335,1284
1346,1476
1348,1463
1352,1192
1362,1278
1370,1471
1374,1419
1386,1357
1391,1416
1400,1461
1401,1235
1406,1288
1421,1443
1422,1227
1433,1336
1441,1466
1452,1468
1163,1306
1184,1407
1189,1342
1200,1264
1321,1296
1324,1462
1353,1389
1363,1295
1364,1201
1395,1223
1420,1214
1428,1388
1450,1186
1458,1442
1469,1473
1114,1123
1124,1311
1153,1224
1154,1149
1155,1104
1202,1354
1210,1280
1211,1167
1232,1356
1238,1117
1242,1183
1243,1331
1246,1274
1260,1152
1266,1380
1268,1351
1270,1412
1277,1204
1279,1301
1281,1338
1313,1456
1337,1226
1340,1339
1344,1447
1345,1411
1376,1323
1393,1261
1419,1322
1424,1103
1429,1387
1441,1399
1449,1471
1105,1398
1107,1131
1111,1190
1113,1358
1116,1181
1120,1439
1125,1320
1130,1435
1142,1363
1148,1119
1157,1367
1159,1127
1161,1160
1162,1259
1165,1284
1169,1334
1172,1150
1173,1374
1176,1225
1179,1434
1180,1248
1182,1414
1195,1198
1206,1312
1207,1467
1208,1199
1213,1410
1217,1110
1219,1288
1234,1316
1236,1453
1239,1144
1241,1138
1252,1151
1257,1468
1258,1146
1262,1476
1263,1221
1265,1233
1283,1191
1287,1122
1293,1133
1297,1352
1298,1440
1305,1285
1307,1256
1314,1397
1324,1178
1326,1141
1330,1347
1343,1137
1360,1294
1364,1319
1371,1318
1384,1250
1386,1437
1394,1431
1396,1247
1408,1341
1425,1186
1426,1101
1430,1370
1436,1171
1438,1401
1448,1196
1455,1350
1460,1237
1463,1392
1464,1156
1465,1381
1470,1372
1474,1205
1139,1403
1164,1420
1166,1329
1175,1152
1187,1423
1194,1251
1200,1192
1220,1378
1229,1227
1240,1375
1278,1309
1282,1369
1306,1357
1328,1115
1333,1413
1349,1404
1359,1418
1400,1402
1417,1415
1427,1249
1428,1218
1466,1399
1114,1117
1126,1230
1129,1388
1136,1135
1140,1201
1145,1346
1158,1251
1168,1315
1208,1273
1222,1462
1231,1268
1233,1193
1235,1177
1242,1163
1261,1368
1264,1291
1313,1433
1321,1345
1339,1461
1355,1406
1361,1471
1373,1351
1376,1203
1379,1412
1385,1452
1389,1310
1407,1188
1472,1444
1107,1171
1112,1159
1123,1468
1124,1322
1125,1434
1127,1476
1131,1357
1132,1475
1137,1336
1143,1365
1148,1221
1149,1354
1154,1299
1156,1178
1161,1449
1165,1248
1172,1460
1173,1212
1175,1259
1179,1283
1180,1437
1191,1320
1192,1312
1194,1158
1198,1254
1205,1441
1206,1405
1210,1181
1211,1425
1213,1426
1219,1316
1225,1142
1226,1473
1228,1353
1232,1133
1236,1324
1239,1204
1243,1466
1244,1209
1247,1335
1253,1170
1256,1311
1260,1217
1269,1378
1270,1404
1274,1323
1275,1267
1279,1272
1285,1363
1294,1169
1297,1237
1301,1130
1305,1258
1307,1308
1314,1199
1317,1290
1318,1330
1319,1334
1325,1174
1331,1409
1332,1276
1342,1440
1343,1202
1344,1348
1349,1223
1350,1456
1356,1387
1367,1300
1370,1381
1372,1101
1382,1138
1384,1110
1386,1396
1395,1207
1398,1122
1416,1252
1420,1250
1423,1246
1429,1414
1435,1105
1436,1463
1438,1393
1447,1392
1450,1340
1453,1454
1457,1157
1458,1266
1459,1292
1464,1352
1467,1262
1469,1430
1470,1410
1102,1339
1111,1120
1113,1362
1152,1391
1153,1195
1155,1338
1160,1337
1166,1304
1190,1240
1193,1351
1218,1146
1229,1293
1255,1288
1263,1135
1265,1264
1281,1455
1287,1151
1291,1373
1298,1164
1306,1162
1326,1278
1346,1310
1347,1189
1358,1249
1374,1477
1377,1442
1380,1280
1389,1145
1390,1360
1408,1200
1415,1315
1439,1257
1443,1184
1104,1117
1116,1202
1187,1271
1295,1363
1333,1142
1345,1234
1103,1133
1119,1478
1124,1371
1129,1317
1130,1148
1139,1138
1140,1191
1150,1391
1162,1248
1163,1314
1174,1462
1196,1467
1201,1226
1203,1298
1208,1210
1211,1115
1213,1361
1219,1441
1225,1334
1228,1194
1231,1276
1232,1296
1242,1282
1243,1437
1244,1421
1245,1355
1251,1290
1256,1372
1279,1291
1292,1283
1323,1444
1328,1344
1343,1180
1356,1329
1388,1156
1393,1165
1397,1206
1409,1260
1428,1381
1430,1451
1438,1300
1449,1286
1457,1474
1458,1277
1113,1374
1123,1178
1125,1252
1135,1348
1136,1373
1141,1434
1145,1352
1155,1376
1161,1176
1168,1337
1171,1306
1172,1144
1179,1387
1182,1267
1188,1453
1193,1463
1197,1342
1220,1233
1222,1349
1229,1297
1236,1475
1247,1259
1263,1131
1266,1400
1268,1336
1272,1433
1274,1254
1278,1304
1288,1420
1301,1271
1305,1413
1307,1364
1312,1200
1319,1101
1320,1350
1326,1275
1338,1452
1362,1435
1375,1273
1382,1310
1385,1357
1386,1110
1392,1476
1401,1177
1403,1303
1405,1324
1406,1269
1410,1394
1416,1239
1429,1360
1436,1318
1447,1164
1448,1353
1450,1415
1456,1330
1459,1205
1464,1325
1469,1465
1472,1454
1146,1114
1183,1237
1235,1234
1295,1339
1422,1184
1130,1221
1182,1389
1192,1264
1217,1119
1219,1299
1227,1240
1324,1185
1346,1298
1351,1476
1103,1297
1110,1440
1112,1458
1117,1412
1120,1231
1122,1293
1125,1292
1126,1354
1127,1478
1139,1143
1155,1395
1159,1436
1163,1115
1166,1141
1168,1170
1172,1275
1173,1407
1177,1257
1179,1305
1181,1150
1186,1102
1193,1357
1196,1350
1201,1334
1203,1164
1210,1105
1213,1251
1222,1238
1225,1469
1232,1475
1236,1369
1241,1330
1242,1281
1243,1261
1244,1367
1245,1156
1246,1335
1247,1248
1255,1175
1256,1418
1258,1424
1263,1148
1265,1171
1266,1323
1267,1325
1269,1262
1273,1209
1278,1195
1280,1408
1282,1473
1283,1358
1284,1296
1291,1259
1307,1365
1313,1229
1316,1204
1319,1230
1328,1116
1332,1431
1333,1430
1336,1326
1337,1471
1338,1145
1339,1315
1345,1104
1347,1300
1353,1371
1355,1455
1360,1113
1361,1414
1363,1309
1376,1187
1377,1167
1378,1199
1379,1322
1380,1368
1381,1226
1382,1373
1387,1220
1388,1161
1392,1136
1393,1207
1394,1303
1397,1228
1400,1223
1405,1320
1406,1420
1428,1140
1437,1417
1439,1434
1441,1421
1442,1453
1443,1138
1448,1312
1449,1211
1451,1142
1452,1180
1454,1413
1459,1157
1461,1372
1462,1153
1464,1444
1123,1188
1130,1385
1131,1447
1146,1183
1158,1348
1160,1274
1190,1399
1200,1317
1233,1384
1235,1341
1252,1398
1253,1425
1272,1401
1276,1234
1279,1416
1287,1466
1304,1277
1321,1178
1329,1409
1344,1135
1386,1343
1396,1107
1422,1189
1433,1108
1450,1212
1457,1114
1472,1152
1162,1192
1169,1469
1174,1352
1211,1290
1306,1476
1335,1224
1354,1239
1359,1105
1362,1309
1463,1346
1477,1294
1122,1356
1129,1322
1153,1136
1181,1220
1207,1164
1256,1368
1262,1254
1268,1108
1278,1237
1300,1299
1301,1404
1320,1341
1332,1465
1347,1440
1358,1419
1371,1284
1378,1115
1389,1420
1397,1204
1403,1331
1443,1460
1453,1227
1111,1474
1114,1427
1117,1257
1120,1421
1140,1176
1152,1321
1171,1131
1194,1198
1251,1398
1255,1454
1261,1106
1270,1379
1280,1293
1305,1451
1349,1230
1362,1370
1392,1313
1405,1267
1412,1105
1418,1184
1424,1166
1429,1365
1466,1149
1158,1154
1179,1212
1196,1187
1249,1419
1266,1472
1408,1202
1458,1240
1156,1133
1160,1294
1163,1211
1201,1167
1291,1384
1307,1308
1360,1340
1394,1410
1402,1358
1111,1205
1116,1252
1132,1282
1136,1406
1140,1209
1148,1262
1151,1105
1152,1434
1166,1104
1173,1153
1174,1348
1180,1107
1191,1468
1194,1382
1206,1259
1207,1323
1208,1219
1210,1336
1213,1339
1220,1313
1222,1401
1227,1444
1232,1123
1234,1197
1236,1126
1238,1224
1241,1214
1242,1231
1244,1342
1246,1314
1267,1422
1269,1452
1272,1155
1273,1195
1274,1247
1276,1185
1277,1124
1279,1143
1284,1351
1299,1411
1310,1312
1315,1469
1319,1381
1321,1177
1326,1417
1328,1453
1338,1354
1344,1357
1345,1112
1347,1137
1349,1322
1350,1150
1353,1254
1359,1125
1364,1258
1365,1450
1368,1293
1374,1199
1376,1149
1378,1260
1385,1200
1386,1233
1387,1256
1388,1424
1395,1113
1397,1301
1399,1466
1400,1261
1403,1435
1408,1380
1409,1283
1413,1334
1414,1377
1423,1204
1426,1102
1428,1430
1429,1362
1433,1396
1438,1318
1439,1436
1441,1367
1443,1122
1451,1461
1455,1356
1462,1457
1465,1415
1473,1237
1478,1171
1101,1431
1120,1425
1129,1168
1193,1447
1228,1159
1229,1295
1235,1197
1238,1299
1255,1440
1257,1337
1270,1418
1280,1317
1285,1363
1297,1184
1303,1391
1304,1243
1305,1218
1320,1108
1329,1331
1333,1427
1371,1281
1390,1225
1392,1119
1393,1332
1411,1224
1449,1370
1114,1293
1144,1288
1152,1410
1158,1157
1182,1133
1186,1142
1191,1404
1239,1419
1240,1470
1258,1178
1265,1271
1277,1324
1340,1201
1346,1221
1379,1249
1416,1263
1421,1354
1448,1175
1471,1170
1107,1357
1127,1310
1132,1214
1139,1207
1151,1205
1153,1467
1154,1323
1165,1373
1167,1377
1169,1417
1179,1108
1195,1204
1196,1276
1199,1316
1202,1342
1219,1422
1231,1287
1232,1398
1241,1164
1260,1149
1268,1311
1272,1438
1273,1474
1279,1407
1283,1473
1285,1413
1286,1381
1318,1148
1344,1266
1356,1295
1359,1434
1372,1308
1374,1223
1376,1457
1388,1292
1391,1198
1409,1290
1425,1106
1441,1435
1443,1465
1460,1275
1112,1104
1125,1117
1143,1471
1152,1126
1168,1334
1173,1324
1181,1124
1187,1175
1190,1282
1191,1399
1208,1291
1211,1238
1213,1358
1234,1420
1251,1430
1300,1255
1301,1387
1304,1315
1307,1414
1314,1328
1321,1113
1329,1459
1338,1236
1347,1452
1349,1341
1351,1174
1352,1384
1362,1319
1363,1365
1364,1224
1368,1212
1370,1256
1371,1163
1385,1462
1428,1468
1431,1313
1436,1405
1437,1166
1442,1146
1461,1355
1103,1205
1116,1101
1119,1427
1130,1250
1133,1188
1141,1178
1142,1303
1148,1200
1156,1444
1158,1386
1160,1469
1172,1367
1185,1214
1193,1192
1198,1263
1203,1108
1210,1269
1217,1221
1218,1339
1222,1402
1229,1369
1230,1227
1231,1466
1233,1159
1235,1183
1240,1114
1243,1455
1246,1257
1261,1249
1274,1476
1277,1392
1278,1123
1284,1264
1294,1102
1299,1157
1305,1396
1306,1348
1313,1355
1320,1296
1326,1309
1332,1245
1333,1226
1336,1478
1337,1456
1345,1239
1346,1248
1350,1138
1357,1171
1359,1411
1360,1377
1361,1390
1375,1105
1388,1297
1393,1310
1395,1330
1397,1470
1403,1426
1407,1184
1415,1225
1416,1197
1421,1111
1423,1267
1424,1220
1431,1461
1439,1110
1448,1342
1449,1186
1450,1129
1464,1298
1120,1106
1122,1325
1124,1290
1135,1373
1136,1180
1140,1468
1153,1391
1155,1474
1161,1258
1165,1352
1169,1286
1196,1212
1199,1457
1206,1408
1208,1316
1210,1218
1219,1145
1228,1281
1241,1288
1242,1463
1262,1131
1266,1207
1268,1417
1269,1339
1275,1436
1305,1395
1323,1265
1330,1396
1356,1475
1362,1201
1374,1293
1376,1189
1378,1107
1381,1292
1382,1127
1400,1394
1401,1223
1406,1311
1409,1308
1412,1179
1418,1349
1429,1190
1433,1271
1454,1151
1458,1152
1467,1137
1104,1184
1163,1385
1194,1112
1272,1435
1279,1379
1280,1353
1283,1388
1291,1254
1301,1178
1317,1426
1335,1351
1344,1139
1365,1182
1421,1244
1437,1177
1452,1405
1462,1371
1269,1330
1305,1210
1395,1218
1396,1339
1438,1288
1465,1152
1107,1254
1114,1399
1156,1324
1169,1142
1186,1340
1225,1170
1253,1168
1268,1164
1286,1226
1328,1146
1332,1425
1403,1358
1404,1398
1413,1364
1414,1415
1417,1333
1427,1341
1451,1285
1471,1167
1110,1420
1112,1143
1113,1390
1129,1430
1153,1191
1155,1347
1160,1449
1176,1303
1188,1183
1189,1434
1190,1187
1201,1360
1228,1192
1231,1244
1234,1296
1236,1297
1237,1178
1246,1229
1261,1322
1270,1276
1274,1316
1278,1263
1282,1331
1304,1354
1310,1138
1314,1149
1321,1238
1336,1351
1345,1184
1361,1211
1369,1475
1372,1309
1377,1295
1378,1106
1386,1259
1388,1245
1391,1150
1392,1135
1400,1422
1412,1421
1416,1126
1428,1450
1453,1460
1454,1352
1470,1258
1472,1315
1104,1251
1111,1419
1116,1423
1120,1151
1131,1467
1140,1461
1165,1159
1168,1218
1169,1253
1172,1325
1173,1255
1175,1291
1177,1152
1181,1474
1186,1170
1193,1478
1195,1194
1196,1346
1200,1162
1203,1271
1204,1379
1206,1299
1208,1105
1209,1117
1213,1256
1219,1468
1222,1335
1224,1247
1233,1217
1241,1402
1242,1455
1250,1265
1252,1199
1260,1141
1266,1166
1267,1418
1269,1373
1272,1122
1277,1232
1281,1146
1285,1226
1293,1292
1294,1319
1298,1456
1308,1465
1323,1438
1326,1452
1332,1417
1333,1425
1340,1225
1343,1174
1348,1318
1350,1248
1353,1476
1356,1227
1362,1290
1370,1431
1375,1330
1376,1197
1382,1103
1384,1144
1385,1220
1389,1137
1393,1338
1398,1114
1401,1341
1404,1399
1407,1157
1410,1230
1413,1142
1414,1167
1415,1364
1433,1205
1435,1171
1443,1101
1447,1264
1448,1439
1451,1286
1463,1365
1469,1198
1113,1143
1156,1237
1160,1450
1235,1306
1236,1178
1279,1136
1280,1126
1287,1369
1303,1377
1312,1288
1324,1464
1328,1284
1329,1354
1331,1176
1355,1315
1390,1112
1428,1449
1442,1188
1453,1352
1454,1460
1472,1282
1475,1473
1180,1214
1395,1477
1400,1426
1403,1466
1103,1296
1120,1335
1124,1165
1132,1185
1138,1141
1161,1307
1163,1177
1166,1207
1179,1229
1181,1393
1194,1187
1217,1107
1228,1321
1243,1152
1245,1123
1293,1227
1314,1338
1345,1268
1356,1125
1374,1150
1385,1139
1397,1313
1405,1325
1412,1427
1429,1102
1436,1135
1444,1275
1448,1130
1458,1234
1461,1363
1110,1250
1133,1434
1137,1221
1159,1259
1170,1282
1173,1172
1176,1226
1186,1377
1190,1273
1199,1210
1200,1203
1206,1247
1219,1347
1232,1191
1248,1119
1260,1387
1267,1419
1269,1182
1274,1155
1285,1295
1294,1315
1298,1131
1301,1323
1303,1319
1304,1231
1320,1283
1326,1353
1329,1152
1331,1286
1342,1149
1348,1386
1359,1151
1361,1201
1371,1344
1382,1433
1390,1417
1408,1349
1421,1367
1422,1202
1425,1143
1437,1462
1438,1257
1441,1154
1451,1355
1457,1255
1459,1440
1463,1224
1472,1225
1111,1375
1112,1160
1113,1428
1114,1188
1117,1204
1122,1468
1148,1476
1157,1402
1158,1220
1174,1214
1180,1423
1183,1404
1184,1252
1195,1239
1211,1337
1213,1381
1218,1167
1241,1418
1253,1142
1254,1447
1272,1409
1277,1336
1278,1276
1284,1406
1287,1399
1297,1464
1299,1144
1308,1431
1317,1455
1324,1454
1332,1449
1352,1237
1357,1384
1362,1334
1365,1258
1370,1469
1372,1410
1378,1396
1379,1209
1388,1360
1391,1316
1392,1318
1407,1330
1413,1415
1414,1168
1430,1465
1442,1369
1450,1333
1453,1178
1456,1189
1460,1156
1467,1192
1470,1426
1471,1364
1475,1398
1103,1132
1129,1363
1163,1139
1193,1373
1291,1145
1310,1264
1345,1228
1346,1351
1389,1233
1405,1275
1101,1410
1104,1435
1105,1115
1106,1290
1107,1312
1110,1137
1112,1428
1113,1160
1117,1330
1119,1221
1120,1116
1124,1329
1126,1197
1130,1210
1133,1283
1136,1420
1141,1123
1143,1417
1144,1214
1146,1466
1150,1194
1151,1202
1153,1140
1158,1392
1159,1298
1166,1344
1169,1218
1175,1164
1180,1456
1181,1323
1183,1114
1184,1122
1185,1245
1186,1295
1189,1299
1199,1439
1203,1433
1204,1419
1206,1387
1207,1177
1208,1281
1209,1375
1211,1360
1212,1341
1213,1469
1219,1205
1220,1174
1222,1452
1226,1303
1227,1434
1231,1326
1234,1353
1238,1108
1240,1198
1242,1395
1243,1416
1244,1474
1246,1196
1247,1200
1248,1131
1249,1322
1250,1259
1252,1468
1253,1415
1254,1476
1255,1149
1260,1182
1261,1401
1262,1306
1267,1402
1270,1477
1271,1288
1273,1440
1282,1340
1285,1377
1287,1398
1293,1191
1294,1176
1300,1224
1301,1438
1305,1201
1307,1461
1311,1223
1313,1354
1314,1155
1316,1195
1317,1408
1319,1315
1324,1453
1325,1296
1328,1235
1332,1450
1335,1171
1338,1257
1339,1334
1343,1217
1350,1382
1355,1286
1356,1229
1358,1256
1359,1154
1361,1424
1364,1142
1365,1337
1368,1309
1370,1465
1371,1266
1372,1426
1376,1280
1379,1241
1380,1411
1385,1437
1388,1258
1391,1239
1394,1230
1397,1279
1399,1475
1403,1400
1406,1423
1407,1111
1414,1413
1418,1157
1421,1342
1422,1190
1425,1390
1427,1349
1429,1161
1430,1381
1436,1263
1441,1459
1442,1473
1443,1251
1444,1138
1447,1384
1448,1274
1449,1333
1451,1331
1454,1178
1457,1367
1458,1304
1460,1236
1467,1357
1471,1168
1472,1170
1478,1192
1125,1179
1156,1297
1173,1269
1187,1409
1193,1265
1232,1320
1272,1374
1278,1268
1310,1233
1321,1277
1336,1276
1346,1264
1351,1145
1389,1291
1396,1455
1412,1378
1431,1152
1464,1237
1105,1290
1106,1115
1164,1271
1175,1288
1224,1354
1249,1230
1270,1322
1284,1318
1300,1313
1309,1477
1380,1341
1394,1223
1411,1212
1103,1123
1104,1376
1120,1401
1124,1140
1129,1161
1132,1325
1141,1185
1165,1162
1166,1177
1181,1338
1199,1448
1235,1222
1243,1452
1246,1281
1261,1435
1275,1138
1304,1345
1305,1102
1311,1368
1323,1210
1348,1172
1350,1260
1353,1231
1361,1363
1371,1207
1400,1153
1403,1329
1405,1245
1424,1307
1429,1461
1433,1206
1444,1296
1463,1135
1125,1229
1131,1110
1133,1191
1137,1250
1139,1266
1143,1160
1149,1205
1150,1409
1152,1192
1163,1462
1179,1232
1187,1396
1202,1154
1208,1116
1219,1421
1240,1251
1244,1391
1248,1159
1257,1274
1259,1119
1267,1204
1269,1247
1272,1427
1279,1196
1280,1397
1293,1283
1298,1221
1314,1301
1320,1227
1321,1336
1324,1297
1356,1434
1358,1443
1385,1344
1387,1386
1393,1130
1395,1328
1407,1418
1416,1242
1439,1155
1441,1190
1450,1425
1453,1237
1457,1342
1458,1326
1459,1273
1460,1352
1464,1236
1474,1195
1108,1105
1111,1157
1117,1402
1136,1127
1151,1440
1158,1189
1170,1451
1174,1144
1180,1299
1184,1146
1188,1475
1194,1408
1198,1308
1209,1330
1213,1101
1226,1340
1228,1277
1238,1106
1241,1375
1256,1292
1262,1312
1268,1276
1286,1319
1287,1183
1294,1285
1295,1282
1303,1315
1306,1263
1318,1220
1331,1377
1337,1334
1347,1255
1355,1472
1359,1422
1362,1360
1364,1167
1365,1211
1379,1419
1388,1339
1390,1333
1406,1392
1410,1370
1413,1169
1414,1218
1415,1142
1423,1284
1426,1430
1428,1417
1436,1420
1442,1404
1449,1113
1456,1214
1465,1470
1466,1468
1469,1372
1471,1253
1473,1369
1103,1138
1129,1305
1145,1373
1173,1182
1231,1278
1234,1304
1244,1195
1310,1193
1316,1239
1346,1265
1351,1264
1352,1236
1378,1349
1391,1474
1437,1177
1454,1156
1464,1460
1104,1280
1106,1108
1107,1127
1110,1119
1111,1241
1115,1411
1120,1261
1124,1153
1131,1259
1132,1296
1133,1227
1136,1306
1140,1416
1141,1245
1144,1220
1146,1468
1148,1384
1149,1367
1150,1427
1155,1130
1157,1330
1158,1284
1159,1137
1160,1425
1166,1385
1169,1168
1170,1226
1176,1355
1179,1356
1180,1189
1181,1210
1184,1466
1186,1225
1188,1287
1192,1476
1196,1116
1198,1431
1199,1323
1200,1382
1202,1190
1203,1172
1205,1342
1209,1204
1212,1126
1213,1470
1218,1415
1221,1250
1223,1477
1224,1271
1232,1125
1235,1329
1238,1105
1242,1328
1248,1298
1249,1311
1252,1122
1258,1334
1260,1386
1262,1420
1270,1368
1274,1439
1275,1185
1279,1435
1283,1191
1285,1319
1286,1294
1297,1178
1301,1257
1303,1295
1307,1361
1309,1394
1314,1393
1315,1282
1317,1396
1318,1406
1322,1230
1324,1237
1332,1143
1337,1360
1340,1451
1341,1290
1345,1336
1348,1269
1350,1206
1357,1254
1358,1292
1359,1440
1362,1339
1363,1102
1364,1253
1371,1139
1372,1381
1374,1187
1375,1267
1376,1281
1380,1197
1388,1365
1392,1456
1395,1222
1397,1208
1398,1473
1399,1369
1401,1246
1402,1419
1403,1243
1404,1114
1405,1123
1407,1379
1410,1430
1413,1167
1418,1117
1421,1255
1422,1151
1426,1370
1429,1424
1433,1247
1436,1312
1441,1273
1442,1183
1443,1240
1444,1325
1448,1438
1450,1112
1452,1400
1457,1347
1458,1321
1459,1154
1461,1201
1462,1344
1465,1101
1467,1478
1471,1142
1472,1331
1163,1207
1194,1412
1233,1291
1256,1251
1265,1351
1268,1228
1272,1455
1277,1353
1320,1293
1389,1264
1390,1428
1408,1409
1417,1449
1423,1174
1434,1229
1453,1156
1106,1105
1110,1259
1126,1380
1130,1323
1135,1217
1148,1467
1152,1391
1165,1335
1192,1384
1193,1145
1203,1206
1212,1197
1234,1278
1266,1437
1270,1249
1276,1326
1299,1214
1311,1309
1322,1223
1343,1171
1357,1478
1373,1310
1386,1247
1394,1368
1411,1290
1447,1476
1463,1162
1103,1444
1104,1281
1116,1401
1123,1185
1132,1275
1140,1235
1150,1349
1153,1395
1161,1102
1173,1387
1201,1363
1208,1376
1210,1155
1232,1283
1242,1329
1243,1124
1245,1296
1301,1448
1307,1429
1325,1141
1336,1458
1345,1231
1350,1182
1359,1441
1371,1385
1374,1396
1393,1338
1397,1196
1405,1138
1424,1129
1462,1139
1111,1209
1112,1425
1120,1435
1133,1356
1137,1131
1151,1273
1159,1119
1163,1166
1172,1200
1179,1229
1191,1434
1199,1274
1202,1440
1205,1347
1219,1342
1222,1403
1237,1236
1246,1280
1248,1221
1260,1269
1261,1279
1293,1227
1298,1250
1314,1257
1317,1187
1320,1125
1321,1268
1324,1464
1328,1452
1344,1177
1352,1178
1353,1304
1361,1305
1367,1255
1379,1117
1382,1348
1409,1427
1412,1408
1416,1400
1417,1113
1418,1402
1422,1154
1438,1439
1459,1190
1114,1475
1122,1466
1144,1456
1146,1252
1160,1332
1167,1415
1174,1392
1176,1295
1180,1284
1186,1451
1188,1473
1194,1455
1204,1157
1211,1337
1213,1430
1220,1214
1226,1225
1228,1276
1239,1474
1241,1419
1251,1198
1253,1218
1262,1107
1277,1278
1287,1404
1294,1170
1297,1454
1299,1318
1306,1312
1308,1443
1315,1331
1316,1244
1319,1340
1330,1267
1355,1303
1362,1258
1364,1169
1365,1334
1372,1370
1375,1407
1377,1472
1378,1272
1381,1469
1398,1399
1406,1158
1413,1168
1414,1471
1420,1263
1421,1457
1423,1189
1426,1410
1428,1333
1431,1292
1436,1127
1449,1143
1450,1390
1453,1460
1470,1101
1103,1245
1141,1405
1161,1424
1192,1476
1193,1389
1233,1145
1291,1265
1310,1351
1346,1373
1384,1254
1433,1387
1447,1467
1458,1231
1462,1207
1478,1148
1101,1426
1111,1157
1112,1417
1113,1425
1115,1197
1117,1402
1120,1279
1122,1146
1126,1290
1129,1361
1132,1444
1133,1125
1136,1107
1139,1177
1143,1450
1150,1317
1155,1199
1156,1236
1159,1131
1160,1333
1163,1437
1165,1135
1166,1371
1167,1142
1168,1364
1173,1348
1175,1271
1179,1191
1180,1174
1183,1473
1184,1468
1186,1226
1195,1391
1196,1281
1202,1441
1204,1209
1205,1457
1206,1382
1211,1360
1212,1380
1217,1335
1219,1149
1221,1259
1222,1416
1223,1249
1229,1283
1235,1395
1241,1267
1243,1329
1244,1239
1246,1208
1248,1137
1250,1110
1251,1358
1252,1466
1255,1342
1256,1240
1258,1337
1260,1200
1262,1127
1263,1312
1266,1385
1269,1203
1270,1230
1275,1123
1280,1435
1282,1303
1284,1214
1285,1286
1287,1475
1288,1164
1294,1340
1295,1331
1297,1453
1298,1119
1299,1456
1304,1321
1306,1420
1307,1102
1308,1292
1313,1224
1314,1130
1315,1176
1316,1474
1318,1189
1319,1170
1320,1356
1322,1309
1325,1185
1326,1336
1328,1153
1338,1181
1341,1238
1343,1162
1345,1234
1347,1367
1349,1396
1350,1172
1352,1237
1354,1300
1355,1377
1359,1273
1365,1339
1369,1188
1370,1213
1374,1409
1376,1116
1379,1407
1386,1182
1388,1362
1390,1449
1393,1274
1394,1311
1397,1104
1398,1442
1400,1124
1401,1261
1403,1140
1406,1144
1411,1108
1412,1187
1413,1414
1415,1169
1418,1375
1419,1330
1422,1459
1423,1158
1429,1201
1430,1469
1431,1443
1434,1227
1438,1210
1439,1301
1440,1154
1448,1257
1451,1225
1452,1242
1460,1454
1461,1305
1463,1171
1464,1178
1465,1381
1470,1410
1471,1218
1477,1368
1148,1254
1151,1190
1193,1264
1194,1427
1228,1353
1232,1293
1265,1373
1277,1268
1310,1291
1346,1233
1357,1447
1378,1455
1389,1145
1408,1272
1428,1332
1467,1476
1478,1384
1108,1341
1115,1126
1159,1250
1197,1290
1220,1392
1223,1309
1238,1411
1242,1153
1249,1477
1270,1394
1285,1451
1286,1226
1311,1230
1314,1448
1368,1322
1102,1424
1103,1325
1123,1138
1129,1201
1139,1207
1141,1275
1150,1412
1166,1462
1173,1247
1181,1257
1182,1382
1199,1393
1222,1140
1229,1125
1245,1132
1304,1326
1320,1191
1338,1210
1345,1276
1360,1339
1361,1461
1376,1246
1386,1269
1395,1329
1400,1328
1401,1281
1405,1296
1416,1452
1433,1260
1439,1130
1444,1185
1458,1278
1104,1120
1110,1221
1119,1131
1133,1293
1137,1298
1151,1459
1154,1273
1160,1449
1172,1387
1187,1455
1190,1440
1194,1349
1196,1280
1200,1348
1202,1359
1205,1255
1208,1261
1219,1367
1232,1227
1235,1243
1241,1330
1248,1259
1266,1177
1267,1209
1268,1234
1274,1323
1279,1116
1283,1179
1292,1240
1305,1161
1307,1363
1321,1228
1344,1371
1350,1203
1356,1434
1378,1396
1379,1157
1385,1437
1407,1402
1421,1347
1422,1441
1427,1408
1438,1301
1450,1428
1457,1149
1466,1244
1474,1146
1101,1469
1111,1204
1114,1473
1136,1312
1144,1189
1148,1192
1158,1214
1167,1169
1168,1142
1174,1299
1176,1377
1183,1399
1184,1239
1186,1294
1211,1362
1213,1372
1220,1456
1236,1297
1252,1195
1254,1476
1256,1431
1258,1339
1263,1107
1286,1170
1306,1127
1316,1468
1317,1374
1319,1225
1331,1303
1332,1113
1333,1112
1340,1285
1346,1291
1351,1389
1355,1282
1358,1308
1364,1218
1365,1337
1381,1470
1384,1357
1388,1334
1391,1122
1392,1284
1404,1369
1406,1180
1414,1253
1419,1375
1423,1318
1436,1262
1442,1475
1443,1198
1453,1324
1454,1178
1460,1156
1464,1237
1465,1410
1467,1447
1471,1415
1472,1295
1143,1390
1145,1264
1233,1373
1310,1265
1325,1245
1370,1430
1382,1386
1418,1117
1458,1277
1104,1261
1106,1341
1107,1306
1108,1197
1111,1241
1112,1332
1114,1369
1123,1296
1125,1227
1126,1238
1127,1263
1130,1323
1131,1248
1137,1119
1139,1437
1140,1400
1141,1444
1146,1244
1148,1447
1150,1408
1151,1154
1153,1416
1157,1209
1158,1144
1159,1110
1162,1335
1165,1343
1166,1177
1168,1167
1171,1135
1179,1320
1180,1299
1181,1155
1182,1200
1184,1316
1185,1138
1186,1319
1188,1399
1189,1214
1191,1229
1192,1357
1195,1122
1196,1208
1201,1102
1204,1330
1205,1367
1206,1348
1211,1334
1212,1290
1213,1426
1218,1142
1219,1457
1222,1243
1226,1451
1228,1231
1230,1223
1232,1133
1234,1276
1235,1242
1240,1251
1246,1116
1247,1203
1249,1368
1250,1221
1253,1415
1256,1308
1259,1298
1266,1371
1267,1379
1268,1304
1269,1387
1270,1309
1273,1422
1274,1338
1275,1103
1278,1336
1279,1401
1280,1120
1282,1377
1283,1434
1284,1220
1285,1170
1287,1442
1288,1224
1292,1198
1294,1225
1300,1271
1303,1176
1311,1477
1312,1420
1313,1164
1314,1199
1315,1472
1321,1326
1324,1454
1329,1452
1331,1355
1333,1113
1340,1286
1344,1207
1347,1342
1350,1173
1351,1291
1354,1175
1356,1293
1358,1431
1359,1190
1360,1337
1362,1339
1376,1281
1378,1427
1380,1115
1381,1101
1388,1258
1391,1252
1392,1423
1393,1301
1394,1322
1395,1124
1397,1435
1398,1183
1403,1328
1404,1473
1405,1132
1406,1174
1407,1375
1409,1349
1411,1105
1414,1169
1417,1425
1421,1149
1424,1363
1429,1129
1433,1172
1436,1136
1438,1257
1439,1210
1441,1440
1449,1428
1450,1160
1453,1178
1456,1318
1459,1202
1461,1161
1463,1217
1465,1372
1466,1474
1467,1384
1468,1239
1470,1469
1471,1413
1478,1254
1156,1352
1163,1462
1187,1396
1194,1317
1264,1310
1265,1145
1307,1305
1345,1353
1346,1193
1389,1373
1412,1272
1418,1402
1419,1117
1455,1374
1460,1237
1464,1297
1108,1126
1115,1212
1181,1439
1197,1238
1221,1131
1222,1400
1224,1164
1249,1309
1270,1322
1300,1175
1313,1288
1341,1105
1354,1271
1368,1223
1380,1290
1394,1477
1411,1106
1103,1185
1130,1393
1132,1123
1141,1296
1155,1257
1161,1361
1173,1203
1210,1314
1211,1258
1228,1326
1229,1293
1231,1234
1242,1329
1260,1387
1266,1437
1275,1245
1277,1276
1279,1280
1301,1274
1325,1138
1328,1243
1371,1177
1376,1397
1382,1433
1395,1403
1405,1444
1424,1201
1429,1363
1461,1102
1473,1369
1104,1208
1110,1248
1116,1281
1117,1379
1120,1435
1124,1416
1129,1307
1133,1320
1137,1259
1149,1347
1151,1441
1159,1119
1163,1344
1179,1434
1182,1152
1190,1273
1191,1227
1196,1246
1202,1154
1205,1421
1232,1125
1239,1122
1250,1298
1283,1356
1316,1252
1336,1353
1338,1448
1342,1367
1345,1321
1348,1247
1349,1272
1350,1200
1359,1459
1378,1187
1386,1206
1388,1365
1409,1455
1412,1317
1418,1419
1422,1440
1438,1323
1452,1153
1462,1385
1477,1230
1111,1209
1112,1143
1127,1312
1136,1420
1144,1189
1148,1384
1156,1178
1167,1253
1174,1456
1188,1114
1192,1254
1195,1146
1213,1370
1218,1168
1219,1255
1220,1392
1241,1157
1256,1198
1262,1263
1282,1176
1284,1180
1285,1225
1286,1186
1287,1398
1294,1226
1295,1355
1299,1214
1303,1472
1304,1458
1308,1251
1315,1377
1324,1352
1330,1267
1332,1425
1339,1334
1357,1476
1358,1443
1362,1360
1372,1430
1374,1408
1390,1113
1402,1375
1404,1183
1406,1318
1407,1204
1413,1364
1414,1142
1417,1333
1423,1158
1426,1381
1431,1240
1436,1107
1442,1473
1447,1478
1451,1319
1453,1237
1454,1236
1464,1460
1466,1391
1468,1244
1469,1410
1470,1101
1471,1169
1474,1184
1475,1399
1103,1405
1135,1335
1139,1166
1165,1171
1173,1382
1217,1162
1233,1193
1234,1326
1245,1138
1291,1265
1305,1363
1310,1389
1346,1264
1351,1373
1463,1343
1104,1280
1105,1197
1110,1137
1111,1204
1114,1183
1115,1290
1117,1419
1120,1279
1122,1316
1123,1444
1124,1235
1126,1106
1129,1102
1131,1250
1133,1229
1140,1452
1141,1132
1143,1113
1149,1255
1150,1187
1153,1403
1158,1456
1159,1298
1161,1201
1162,1171
1163,1385
1165,1217
1169,1415
1174,1284
1182,1348
1184,1244
1186,1285
1189,1299
1190,1154
1191,1434
1194,1409
1198,1358
1200,1387
1212,1238
1213,1430
1214,1224
1219,1342
1220,1406
1221,1259
1225,1286
1226,1319
1230,1309
1232,1179
1241,1330
1242,1222
1248,1119
1251,1431
1252,1239
1253,1471
1254,1384
1257,1199
1261,1116
1263,1136
1266,1207
1267,1157
1269,1206
1272,1455
1273,1440
1274,1439
1277,1268
1278,1321
1283,1125
1287,1399
1288,1354
1293,1320
1296,1185
1300,1164
1301,1210
1306,1262
1308,1240
1311,1223
1313,1175
1314,1181
1315,1295
1322,1477
1324,1156
1325,1275
1329,1243
1331,1176
1336,1231
1338,1323
1339,1337
1340,1170
1343,1135
1349,1427
1352,1178
1353,1276
1356,1227
1357,1478
1359,1151
1360,1365
1361,1429
1362,1334
1364,1167
1367,1347
1368,1270
1370,1465
1376,1208
1378,1317
1380,1108
1381,1410
1386,1247
1388,1211
1391,1146
1392,1318
1394,1249
1397,1246
1398,1475
1400,1395
1401,1196
1402,1379
1404,1188
1407,1209
1411,1341
1413,1142
1414,1218
1416,1328
1417,1332
1418,1375
1420,1107
1421,1457
1423,1144
1424,1461
1425,1333
1426,1469
1428,1160
1433,1350
1435,1281
1436,1127
1438,1155
1442,1369
1443,1292
1448,1393
1450,1449
1451,1294
1459,1441
1462,1177
1463,1335
1466,1195
1467,1148
1470,1372
1472,1282
1474,1468
1476,1447
1112,1390
1193,1264
1228,1304
1233,1351
1236,1464
1260,1172
1265,1389
1291,1373
1345,1458
1346,1145
1355,1377
1374,1412
1408,1396
1422,1202
1437,1344
1454,1237
1460,1297
1105,1126
1106,1197
1186,1340
1212,1108
1224,1175
1225,1170
1243,1242
1270,1477
1271,1313
1288,1300
1309,1223
1311,1322
1341,1115
1354,1164
1368,1230
1380,1238
1438,1274
1103,1141
1114,1404
1124,1403
1132,1138
1155,1314
1161,1129
1163,1139
1173,1386
1199,1130
1201,1363
1222,1329
1231,1326
1235,1400
1245,1444
1246,1435
1278,1277
1296,1275
1305,1429
1307,1461
1310,1145
1325,1123
1328,1140
1348,1203
1353,1268
1361,1102
1376,1279
1378,1150
1385,1177
1388,1334
1405,1185
1433,1200
1448,1210
1119,1250
1120,1104
1125,1293
1137,1298
1143,1425
1156,1236
1159,1131
1172,1182
1179,1356
1181,1323
1184,1195
1190,1459
1191,1133
1209,1418
1211,1339
1227,1229
1232,1434
1241,1117
1248,1221
1259,1110
1260,1206
1273,1202
1276,1458
1280,1208
1317,1409
1320,1283
1321,1304
1338,1301
1342,1205
1344,1166
1360,1258
1367,1255
1371,1207
1374,1349
1375,1204
1379,1330
1382,1269
1387,1247
1391,1468
1393,1257
1397,1261
1401,1281
1402,1111
1407,1267
1417,1390
1419,1157
1421,1219
1441,1154
1443,1256
1455,1427
1457,1149
1462,1437
1112,1428
1114,1442
1122,1244
1127,1107
1136,1306
1148,1357
1151,1440
1158,1299
1160,1113
1169,1142
1174,1406
1183,1475
1193,1351
1218,1471
1220,1214
1226,1170
1233,1310
1239,1146
1240,1358
1251,1292
1252,1474
1262,1420
1265,1373
1272,1396
1284,1456
1285,1319
1287,1188
1291,1264
1294,1286
1295,1282
1297,1324
1312,1436
1315,1303
1318,1144
1332,1449
1336,1234
1346,1389
1359,1422
1362,1337
1369,1399
1370,1101
1372,1410
1377,1176
1392,1189
1398,1473
1412,1194
1413,1168
1414,1364
1415,1167
1423,1180
1447,1192
1450,1333
1451,1340
1453,1352
1460,1178
1464,1454
1465,1426
1466,1316
1467,1254
1469,1381
1470,1430
1472,1331
1478,1476
1161,1363
1305,1361
1433,1173
1104,1261
1108,1115
1111,1405
1112,1160
1113,1428
1116,1208
1117,1325
1119,1298
1122,1474
1125,1434
1126,1341
1131,1137
1136,1127
1138,1204
1139,1344
1140,1243
1141,1330
1144,1392
1145,1233
1146,1316
1148,1192
1151,1422
1155,1393
1158,1180
1159,1259
1162,1135
1163,1207
1166,1462
1167,1168
1169,1364
1174,1456
1176,1472
1179,1133
1181,1130
1182,1382
1186,1225
1187,1427
1193,1389
1195,1468
1196,1120
1201,1102
1202,1190
1206,1172
1209,1275
1211,1246
1212,1106
1213,1381
1217,1171
1218,1413
1219,1205
1220,1299
1221,1110
1222,1153
1223,1230
1226,1340
1232,1283
1235,1395
1236,1237
1238,1290
1239,1466
1241,1103
1242,1124
1249,1311
1250,1248
1251,1256
1252,1244
1253,1142
1254,1357
1255,1457
1257,1210
1260,1203
1265,1351
1266,1385
1270,1394
1277,1228
1280,1281
1282,1315
1287,1183
1291,1346
1292,1198
1293,1191
1294,1285
1295,1303
1297,1178
1304,1276
1306,1263
1312,1262
1314,1274
1318,1284
1319,1286
1323,1439
1324,1460
1326,1268
1328,1329
1337,1258
1342,1347
1343,1335
1345,1231
1350,1247
1352,1454
1353,1458
1354,1152
1355,1331
1356,1229
1359,1440
1360,1334
1362,1365
1368,1322
1373,1264
1375,1296
1376,1435
1378,1349
1379,1444
1380,1105
1384,1476
1386,1387
1388,1339
1390,1425
1391,1184
1398,1369
1399,1473
1400,1452
1401,1397
1402,1123
1403,1416
1404,1442
1407,1245
1411,1197
1415,1414
1417,1143
1419,1185
1421,1367
1423,1214
1424,1307
1426,1372
1429,1129
1430,1101
1431,1308
1436,1420
1438,1199
1441,1273
1443,1240
1448,1301
1449,1333
1450,1332
1451,1170
1453,1464
1459,1154
1463,1165
1467,1478
1469,1465
1470,1370
1475,1188
1477,1309
1150,1396
1194,1455
1227,1320
1234,1278
1269,1348
1272,1408
1321,1336
1374,1317
1412,1409
1418,1132
1437,1371
1105,1212
1108,1290
1126,1411
1181,1448
1230,1249
1238,1115
1250,1137
1270,1223
1311,1394
1322,1309
1341,1197
1368,1477
1380,1106
1395,1452
1403,1242
1406,1189
1124,1328
1130,1257
1140,1416
1166,1207
1172,1247
1173,1182
1179,1191
1196,1261
1206,1203
1228,1276
1229,1232
1235,1153
1246,1279
1266,1139
1296,1138
1307,1305
1338,1438
1344,1385
1361,1161
1363,1102
1393,1314
1399,1398
1435,1401
1439,1199
1458,1326
1110,1298
1113,1333
1119,1131
1120,1376
1125,1356
1133,1227
1151,1190
1155,1274
1159,1221
1163,1177
1178,1237
1184,1152
1202,1440
1205,1149
1244,1239
1259,1248
1260,1386
1268,1234
1269,1350
1277,1336
1293,1283
1297,1453
1316,1474
1320,1434
1323,1210
1324,1236
1359,1441
1367,1219
1371,1462
1378,1409
1382,1200
1397,1116
1421,1342
1422,1154
1424,1201
1429,1461
1454,1156
1459,1273
1464,1352
1101,1410
1107,1312
1111,1267
1114,1287
1117,1407
1122,1146
1136,1263
1150,1427
1157,1204
1158,1318
1169,1167
1180,1220
1183,1369
1186,1226
1187,1455
1188,1473
1189,1174
1192,1254
1194,1396
1211,1258
1213,1469
1218,1142
1241,1209
1253,1413
1256,1240
1282,1355
1284,1144
1292,1308
1295,1331
1303,1377
1315,1176
1317,1272
1319,1170
1340,1294
1345,1278
1353,1321
1358,1198
1360,1339
1365,1334
1370,1381
1374,1408
1375,1402
1388,1337
1392,1214
1404,1475
1406,1456
1415,1168
1417,1160
1418,1330
1419,1379
1420,1127
1423,1299
1425,1428
1430,1465
1436,1306
1442,1399
1443,1431
1447,1384
1449,1390
1450,1143
1451,1225
1457,1347
1466,1252
1467,1476
1470,1426
1471,1364
1478,1148
1162,1171
1165,1217
1233,1264
1265,1145
1310,1193
1316,1244
1343,1135
1351,1291
1361,1307
1389,1373
1405,1325
1433,1387
1437,1207
1463,1335
1474,1239
1101,1372
1103,1138
1104,1401
1105,1290
1108,1126
1111,1418
1112,1113
1114,1475
1115,1106
1117,1375
1119,1221
1122,1466
1124,1452
1127,1312
1129,1201
1130,1274
1131,1298
1135,1335
1141,1444
1143,1449
1153,1416
1154,1440
1156,1464
1157,1267
1159,1137
1160,1425
1161,1429
1163,1266
1165,1171
1166,1139
1173,1200
1174,1299
1175,1164
1176,1295
1180,1144
1181,1199
1182,1386
1183,1473
1184,1468
1185,1132
1188,1369
1189,1423
1192,1384
1196,1208
1205,1367
1209,1330
1210,1393
1211,1334
1212,1411
1213,1465
1214,1406
1217,1162
1219,1347
1220,1318
1222,1400
1224,1300
1225,1226
1228,1268
1234,1458
1235,1403
1236,1178
1238,1197
1241,1204
1242,1328
1245,1296
1246,1120
1247,1269
1248,1110
1249,1309
1250,1259
1252,1146
1253,1169
1255,1342
1256,1198
1261,1376
1262,1136
1270,1311
1273,1359
1275,1123
1277,1276
1279,1281
1280,1116
1283,1434
1284,1392
1285,1286
1288,1271
1292,1431
1294,1170
1301,1155
1304,1336
1305,1424
1313,1354
1314,1439
1315,1331
1322,1230
1324,1237
1329,1140
1332,1333
1337,1339
1338,1257
1340,1319
1343,1463
1344,1177
1350,1203
1355,1303
1356,1232
1357,1447
1358,1251
1362,1258
1364,1218
1365,1360
1368,1223
1370,1469
1379,1402
1380,1341
1382,1172
1391,1195
1394,1477
1395,1243
1397,1435
1404,1287
1407,1419
1409,1349
1414,1167
1415,1413
1420,1107
1421,1149
1422,1459
1426,1410
1430,1381
1436,1263
1438,1448
1441,1190
1442,1398
1443,1308
1450,1390
1451,1186
1454,1297
1460,1352
1461,1363
1467,1254
1471,1168
1472,1377
1478,1476
1125,1227
1145,1373
1150,1455
1179,1293
1187,1408
1193,1291
1202,1151
1229,1191
1260,1348
1278,1353
1310,1346
1320,1133
1321,1231
1326,1345
1351,1264
1371,1385
1374,1272
1378,1194
1389,1233
1396,1427
1412,1317
1428,1417
1105,1115
1106,1290
1108,1197
1158,1456
1159,1248
1175,1288
1212,1341
1222,1235
1238,1126
1249,1368
1271,1164
1311,1309
1313,1300
1354,1224
1394,1322
1400,1243
1411,1380
1439,1438
1477,1230
1116,1401
1123,1296
1129,1363
1138,1185
1140,1124
1141,1132
1166,1163
1172,1200
1182,1387
1199,1130
1234,1277
1269,1433
1305,1461
1325,1245
1388,1362
1393,1301
1397,1281
1403,1395
1405,1103
1429,1361
1437,1139
1444,1275
1448,1338
1452,1416
1458,1268
1475,1287
1104,1196
1131,1110
1133,1283
1149,1367
1151,1459
1155,1210
1179,1125
1181,1274
1190,1440
1206,1173
1208,1435
1209,1157
1221,1137
1227,1191
1229,1320
1232,1434
1240,1292
1241,1267
1247,1382
1250,1119
1255,1421
1261,1246
1266,1177
1272,1150
1273,1154
1280,1279
1298,1259
1304,1231
1307,1161
1323,1257
1329,1153
1336,1228
1337,1334
1342,1457
1344,1462
1349,1412
1350,1348
1356,1293
1359,1202
1378,1427
1385,1207
1386,1203
1422,1441
1424,1102
1455,1409
1101,1465
1111,1330
1114,1369
1117,1407
1143,1333
1148,1447
1158,1174
1168,1142
1184,1466
1188,1399
1194,1374
1198,1251
1204,1402
1211,1339
1214,1144
1220,1180
1244,1195
1253,1167
1254,1478
1256,1431
1262,1127
1263,1420
1278,1326
1282,1377
1285,1170
1286,1340
1287,1442
1294,1225
1295,1472
1297,1156
1303,1331
1306,1312
1318,1189
1319,1186
1321,1276
1324,1352
1332,1390
1345,1353
1347,1205
1355,1176
1357,1192
1358,1308
1365,1258
1370,1372
1375,1379
1392,1299
1398,1183
1404,1473
1406,1284
1413,1169
1414,1364
1419,1418
1423,1456
1426,1381
1430,1410
1436,1107
1449,1113
1450,1112
1460,1178
1467,1384
1468,1146
1470,1213
1471,1415
1474,1391
1103,1245
1132,1405
1135,1162
1145,1310
1165,1463
1193,1346
1200,1182
1236,1453
1239,1316
1265,1264
1305,1363
1335,1171
1343,1217
1351,1233
1389,1291
1464,1454
1101,1213
1102,1307
1108,1238
1111,1267
1112,1449
1113,1450
1114,1473
1115,1341
1116,1281
1117,1375
1120,1208
1125,1283
1126,1105
1129,1461
1133,1229
1135,1165
1143,1332
1148,1357
1154,1151
1155,1199
1158,1406
1160,1428
1163,1437
1167,1413
1169,1168
1170,1286
1184,1146
1185,1123
1186,1294
1192,1478
1195,1474
1196,1435
1197,1106
1202,1459
1205,1421
1207,1177
1210,1274
1211,1365
1212,1380
1217,1335
1218,1253
1219,1149
1220,1189
1222,1124
1224,1288
1225,1319
1226,1451
1228,1234
1232,1227
1235,1452
1240,1198
1241,1204
1242,1400
1243,1140
1246,1104
1250,1248
1252,1122
1256,1308
1258,1334
1260,1206
1262,1107
1263,1312
1270,1230
1273,1422
1275,1141
1280,1261
1282,1303
1284,1299
1285,1340
1292,1443
1293,1434
1295,1315
1300,1271
1301,1130
1311,1477
1313,1164
1314,1438
1318,1214
1320,1179
1322,1223
1325,1296
1328,1329
1330,1157
1333,1390
1336,1231
1338,1439
1343,1171
1347,1255
1349,1187
1350,1172
1354,1175
1355,1472
1358,1431
1359,1190
1361,1201
1362,1337
1368,1309
1370,1410
1371,1139
1376,1279
1377,1331
1379,1418
1382,1269
1387,1203
1388,1360
1391,1244
1392,1456
1393,1323
1394,1249
1395,1153
1397,1401
1398,1188
1399,1183
1402,1209
1404,1369
1407,1419
1409,1150
1411,1290
1415,1142
1416,1403
1420,1306
1424,1161
1425,1417
1426,1469
1427,1317
1430,1372
1436,1136
1441,1440
1442,1475
1444,1138
1448,1181
1457,1367
1463,1162
1468,1466
1470,1465
1471,1414
1476,1384
1110,1159
1131,1259
1137,1119
1156,1352
1193,1373
1247,1348
1266,1462
1268,1353
1272,1194
1291,1233
1297,1237
1298,1221
1304,1278
1326,1277
1345,1276
1351,1346
1356,1191
1378,1374
1385,1166
1389,1265
1396,1455
1412,1408
1433,1386
1447,1254
1454,1236
1460,1324
1464,1453
1124,1395
1126,1106
1144,1423
1180,1174
1197,1105
1224,1164
1243,1452
1270,1249
1290,1341
1300,1175
1311,1230
1313,1288
1314,1274
1354,1271
1394,1223
1411,1115
1123,1141
1129,1102
1140,1242
1155,1338
1173,1172
1183,1188
1185,1444
1199,1301
1200,1206
1222,1153
1231,1458
1234,1336
1245,1138
1246,1280
1261,1208
1269,1203
1275,1132
1296,1405
1305,1161
1320,1434
1323,1448
1325,1103
1361,1363
1382,1260
1393,1439
1400,1403
1402,1419
1424,1461
1429,1201
1435,1116
1437,1207
1104,1279
1110,1119
1111,1330
1112,1113
1117,1157
1122,1184
1125,1293
1131,1250
1133,1356
1137,1259
1149,1347
1151,1273
1159,1221
1160,1143
1166,1371
1179,1227
1181,1257
1182,1247
1190,1154
1195,1316
1196,1281
1204,1267
1219,1457
1228,1278
1229,1283
1232,1191
1235,1328
1236,1460
1241,1209
1252,1468
1256,1443
1266,1344
1297,1352
1298,1248
1317,1408
1321,1268
1332,1333
1350,1387
1367,1342
1375,1379
1376,1401
1385,1139
1391,1239
1396,1349
1397,1120
1407,1418
1416,1329
1422,1440
1427,1409
1433,1348
1438,1130
1441,1202
1453,1156
1454,1237
1455,1412
1459,1359
1462,1177
1464,1178
1101,1381
1107,1306
1114,1398
1127,1263
1148,1254
1158,1144
1167,1471
1168,1253
1174,1318
1180,1392
1186,1285
1189,1456
1205,1255
1211,1362
1213,1410
1214,1284
1220,1423
1251,1308
1258,1360
1262,1136
1272,1187
1282,1176
1286,1225
1287,1369
1319,1226
1326,1304
1339,1365
1353,1276
1355,1315
1357,1476
1364,1142
1372,1465
1377,1295
1388,1337
1404,1399
1406,1299
1413,1218
1414,1169
1420,1312
1426,1370
1428,1390
1431,1240
1442,1183
1449,1417
1450,1425
1451,1294
1467,1192
1470,1469
1472,1303
1473,1475
1478,1447
1111,1117
1122,1468
1135,1217
1145,1291
1165,1335
1195,1239
1204,1330
1209,1267
1241,1157
1252,1184
1260,1173
1264,1373
1265,1193
1305,1201
1316,1391
1325,1132
1343,1162
1346,1233
1351,1310
1375,1419
1402,1407
1418,1379
1429,1102
1463,1171
1466,1146
1474,1244
1101,1469
1103,1296
1105,1106
1108,1341
1112,1332
1114,1399
1115,1290
1120,1280
1124,1242
1126,1380
1127,1306
1129,1307
1131,1221
1135,1171
1136,1312
1137,1248
1139,1177
1140,1395
1144,1299
1148,1476
1153,1243
1156,1237
1158,1220
1159,1250
1161,1461
1166,1266
1167,1142
1168,1364
1170,1340
1175,1313
1180,1318
1181,1438
1182,1206
1186,1286
1190,1422
1192,1447
1194,1408
1198,1443
1205,1457
1210,1199
1211,1388
1212,1197
1213,1372
1218,1415
1222,1328
1224,1271
1228,1458
1234,1321
1235,1416
1236,1352
1245,1141
1246,1116
1247,1203
1249,1322
1255,1219
1259,1119
1261,1435
1263,1107
1269,1172
1270,1311
1273,1202
1275,1185
1278,1336
1279,1281
1284,1189
1285,1225
1287,1473
1294,1226
1298,1110
1300,1164
1308,1240
1309,1230
1314,1301
1315,1377
1323,1155
1324,1178
1335,1162
1338,1130
1339,1258
1342,1149
1343,1165
1345,1277
1350,1433
1354,1288
1355,1295
1357,1467
1358,1292
1359,1154
1360,1334
1365,1362
1369,1475
1376,1196
1378,1150
1386,1200
1387,1348
1392,1174
1393,1257
1394,1368
1397,1104
1400,1329
1401,1208
1403,1452
1404,1398
1405,1138
1409,1396
1411,1238
1414,1253
1421,1347
1423,1406
1424,1363
1425,1449
1426,1430
1427,1374
1428,1143
1431,1251
1436,1262
1437,1344
1439,1448
1441,1151
1442,1188
1444,1123
1450,1417
1451,1319
1454,1453
1455,1349
1456,1214
1459,1440
1460,1297
1462,1207
1463,1217
1465,1410
1470,1381
1471,1169
1472,1176
1477,1223
1478,1384
1125,1191
1160,1390
1163,1371
1179,1133
1231,1268
1232,1293
1233,1265
1272,1412
1282,1331
1283,1227
1291,1310
1304,1353
1317,1187
1320,1356
1326,1276
1346,1373
1351,1145
1389,1264
1434,1229
1108,1411
1124,1400
1181,1301
1186,1170
1212,1126
1224,1175
1238,1341
1239,1244
1249,1477
1270,1223
1285,1226
1286,1451
1288,1300
1294,1319
1311,1322
1313,1271
1340,1225
1354,1164
1368,1230
1380,1197
1394,1309
1474,1195
1120,1281
1122,1316
1123,1245
1127,1420
1132,1444
1136,1107
1141,1296
1155,1393
1156,1237
1157,1419
1171,1217
1173,1387
1182,1433
1185,1103
1196,1104
1208,1279
1210,1448
1221,1119
1236,1352
1239,1184
1242,1243
1263,1262
1292,1251
1298,1259
1305,1129
1314,1323
1325,1138
1328,1153
1338,1199
1344,1207
1345,1228
1378,1408
1385,1177
1391,1474
1402,1330
1403,1329
1405,1275
1424,1361
1436,1306
1439,1257
1454,1178
1461,1102
1466,1252
1116,1261
1130,1274
1139,1462
1148,1384
1150,1349
1163,1266
1188,1183
1194,1317
1203,1382
1206,1348
1218,1169
1222,1416
1231,1278
1235,1140
1246,1435
1249,1223
1260,1172
1269,1200
1270,1309
1277,1321
1307,1201
1347,1367
1350,1386
1371,1437
1374,1187
1394,1230
1395,1452
1397,1376
1398,1475
1401,1280
1429,1363
1447,1357
1467,1254
1477,1322
1478,1192
1101,1370
1108,1290
1112,1417
1122,1466
1125,1434
1131,1298
1137,1110
1156,1464
1159,1221
1160,1332
1191,1229
1193,1145
1204,1375
1212,1105
1227,1356
1238,1115
1250,1248
1264,1233
1267,1209
1271,1175
1283,1293
1287,1188
1288,1164
1297,1460
1300,1354
1310,1373
1311,1368
1313,1224
1324,1236
1333,1428
1337,1334
1346,1265
1351,1389
1358,1256
1364,1253
1372,1381
1380,1106
1390,1143
1391,1239
1402,1379
1412,1396
1413,1471
1414,1142
1415,1168
1418,1157
1425,1113
1426,1465
1430,1470
1431,1198
1442,1398
1449,1450
1454,1453
1458,1353
1469,1410
1114,1442
1129,1361
1132,1123
1133,1227
1141,1185
1173,1433
1179,1191
1190,1440
1205,1342
1214,1189
1219,1347
1232,1283
1255,1457
1273,1154
1287,1404
1296,1138
1320,1125
1325,1275
1331,1377
1339,1258
1360,1337
1405,1245
1408,1455
1421,1149
1444,1103
1456,1299
1104,1116
1105,1380
1106,1212
1108,1115
1111,1204
1117,1418
1120,1208
1126,1197
1130,1257
1135,1463
1136,1263
1140,1329
1145,1264
1150,1187
1151,1459
1153,1452
1160,1333
1161,1102
1163,1344
1165,1162
1166,1437
1170,1225
1174,1214
1176,1282
1179,1133
1182,1203
1190,1422
1193,1291
1194,1272
1199,1274
1202,1441
1206,1350
1213,1465
1218,1167
1222,1242
1226,1319
1232,1320
1233,1373
1238,1290
1241,1267
1243,1235
1246,1397
1251,1443
1255,1219
1256,1292
1260,1247
1261,1281
1262,1420
1265,1310
1266,1462
1284,1144
1287,1114
1305,1424
1306,1127
1308,1198
1314,1181
1317,1349
1321,1278
1332,1428
1338,1301
1343,1335
1346,1389
1348,1200
1355,1331
1358,1240
1359,1273
1365,1360
1371,1177
1372,1469
1376,1280
1381,1410
1385,1207
1386,1172
1387,1382
1392,1318
1400,1328
1401,1279
1402,1407
1403,1124
1406,1456
1409,1378
1411,1341
1413,1253
1414,1168
1415,1364
1416,1395
1417,1113
1421,1205
1425,1112
1429,1307
1430,1101
1435,1196
1436,1107
1438,1210
1439,1323
1447,1148
1448,1155
1461,1201
1467,1478
1470,1370
1471,1142
1117,1111
1158,1284
1159,1137
1170,1186
1179,1232
1190,1151
1220,1174
1226,1294
1228,1234
1231,1277
1241,1402
1250,1131
1255,1421
1303,1315
1304,1276
1309,1368
1326,1353
1336,1268
1345,1458
1359,1202
1362,1339
1391,1122
1392,1180
1396,1427
1406,1423
1412,1374
1472,1295
1477,1322
1158,1406
1176,1303
1211,1362
1241,1117
1249,1309
1285,1340
1286,1451
1311,1477
1324,1156
1355,1472
1359,1190
1388,1365
1392,1220
1454,1297
1130,1274
1145,1291
1153,1452
1158,1392
1198,1240
1200,1172
1233,1264
1247,1203
1262,1136
1270,1249
1285,1226
1286,1170
1301,1257
1310,1373
1311,1394
1323,1210
1324,1454
1355,1176
1387,1348
1388,1211
1416,1329
1436,1306
1447,1467
1105,1108
1116,1435
1130,1155
1140,1416
1153,1242
1159,1250
1161,1363
1169,1364
1182,1387
1193,1233
1199,1439
1201,1461
1208,1281
1212,1106
1243,1400
1268,1353
1270,1311
1286,1285
1292,1256
1300,1271
1301,1393
1307,1102
1313,1164
1336,1276
1344,1207
1346,1145
1358,1198
1372,1101
1382,1247
1386,1206
1390,1143
1395,1328
1396,1427
1415,1167
1417,1333
1425,1449
1428,1113
1433,1200
1437,1177
1448,1323
1455,1349
1462,1139
1465,1430
